split,pair_id,group,test_img,temp_img,anno_file,classes
train,group77000_77000104,group77000,group77000/77000/77000104_test.jpg,group77000/77000/77000104_temp.jpg,group77000/77000_not/77000104.txt,mouse_bite;spurious_copper;pin_hole
train,group12300_12300076,group12300,group12300/12300/12300076_test.jpg,group12300/12300/12300076_temp.jpg,group12300/12300_not/12300076.txt,open_circuit;short_circuit;spurious_copper;pin_hole
train,group12300_12300065,group12300,group12300/12300/12300065_test.jpg,group12300/12300/12300065_temp.jpg,group12300/12300_not/12300065.txt,open_circuit;short_circuit;mouse_bite;spurious_copper;pin_hole
train,group13000_13000070,group13000,group13000/13000/13000070_test.jpg,group13000/13000/13000070_temp.jpg,group13000/13000_not/13000070.txt,mouse_bite;spur;spurious_copper;pin_hole
train,group13000_13000118,group13000,group13000/13000/13000118_test.jpg,group13000/13000/13000118_temp.jpg,group13000/13000_not/13000118.txt,open_circuit;short_circuit;mouse_bite;spur;spurious_copper;pin_hole
train,group44000_44000107,group44000,group44000/44000/44000107_test.jpg,group44000/44000/44000107_temp.jpg,group44000/44000_not/44000107.txt,open_circuit;short_circuit;mouse_bite;spur;spurious_copper;pin_hole
train,group90100_90100068,group90100,group90100/90100/90100068_test.jpg,group90100/90100/90100068_temp.jpg,group90100/90100_not/90100068.txt,open_circuit;short_circuit;mouse_bite;spur;spurious_copper
train,group00041_00041134,group00041,group00041/00041/00041134_test.jpg,group00041/00041/00041134_temp.jpg,group00041/00041_not/00041134.txt,open_circuit;mouse_bite;spur;spurious_copper;pin_hole
train,group44000_44000111,group44000,group44000/44000/44000111_test.jpg,group44000/44000/44000111_temp.jpg,group44000/44000_not/44000111.txt,open_circuit;short_circuit;mouse_bite;spur;spurious_copper;pin_hole
train,group50600_50600044,group50600,group50600/50600/50600044_test.jpg,group50600/50600/50600044_temp.jpg,group50600/50600_not/50600044.txt,open_circuit;short_circuit;mouse_bite;spur;spurious_copper;pin_hole
train,group00041_00041213,group00041,group00041/00041/00041213_test.jpg,group00041/00041/00041213_temp.jpg,group00041/00041_not/00041213.txt,open_circuit;short_circuit;spur;spurious_copper;pin_hole
train,group50600_50600061,group50600,group50600/50600/50600061_test.jpg,group50600/50600/50600061_temp.jpg,group50600/50600_not/50600061.txt,open_circuit;mouse_bite;spur;spurious_copper;pin_hole
train,group20085_20085094,group20085,group20085/20085/20085094_test.jpg,group20085/20085/20085094_temp.jpg,group20085/20085_not/20085094.txt,open_circuit;short_circuit;mouse_bite;spurious_copper
train,group20085_20085065,group20085,group20085/20085/20085065_test.jpg,group20085/20085/20085065_temp.jpg,group20085/20085_not/20085065.txt,open_circuit;short_circuit;mouse_bite
train,group13000_13000031,group13000,group13000/13000/13000031_test.jpg,group13000/13000/13000031_temp.jpg,group13000/13000_not/13000031.txt,open_circuit;short_circuit;mouse_bite;spur;spurious_copper;pin_hole
train,group12300_12300154,group12300,group12300/12300/12300154_test.jpg,group12300/12300/12300154_temp.jpg,group12300/12300_not/12300154.txt,open_circuit;short_circuit;mouse_bite;spur;spurious_copper;pin_hole
train,group20085_20085010,group20085,group20085/20085/20085010_test.jpg,group20085/20085/20085010_temp.jpg,group20085/20085_not/20085010.txt,short_circuit;mouse_bite;spur;spurious_copper;pin_hole
train,group20085_20085312,group20085,group20085/20085/20085312_test.jpg,group20085/20085/20085312_temp.jpg,group20085/20085_not/20085312.txt,mouse_bite;spur;spurious_copper;pin_hole
train,group20085_20085090,group20085,group20085/20085/20085090_test.jpg,group20085/20085/20085090_temp.jpg,group20085/20085_not/20085090.txt,open_circuit;short_circuit;mouse_bite;spur;spurious_copper;pin_hole
train,group13000_13000153,group13000,group13000/13000/13000153_test.jpg,group13000/13000/13000153_temp.jpg,group13000/13000_not/13000153.txt,mouse_bite;spur;spurious_copper;pin_hole
train,group92000_92000045,group92000,group92000/92000/92000045_test.jpg,group92000/92000/92000045_temp.jpg,group92000/92000_not/92000045.txt,open_circuit;mouse_bite;spurious_copper;pin_hole
train,group13000_13000071,group13000,group13000/13000/13000071_test.jpg,group13000/13000/13000071_temp.jpg,group13000/13000_not/13000071.txt,mouse_bite;spurious_copper;pin_hole
train,group00041_00041068,group00041,group00041/00041/00041068_test.jpg,group00041/00041/00041068_temp.jpg,group00041/00041_not/00041068.txt,open_circuit;short_circuit;mouse_bite;spur;spurious_copper;pin_hole
train,group90100_90100050,group90100,group90100/90100/90100050_test.jpg,group90100/90100/90100050_temp.jpg,group90100/90100_not/90100050.txt,open_circuit;short_circuit;spur;spurious_copper;pin_hole
train,group13000_13000079,group13000,group13000/13000/13000079_test.jpg,group13000/13000/13000079_temp.jpg,group13000/13000_not/13000079.txt,open_circuit;short_circuit;mouse_bite;spur;spurious_copper;pin_hole
train,group20085_20085067,group20085,group20085/20085/20085067_test.jpg,group20085/20085/20085067_temp.jpg,group20085/20085_not/20085067.txt,open_circuit;short_circuit;mouse_bite;spur;spurious_copper;pin_hole
train,group77000_77000090,group77000,group77000/77000/77000090_test.jpg,group77000/77000/77000090_temp.jpg,group77000/77000_not/77000090.txt,open_circuit;mouse_bite;spur;pin_hole
train,group13000_13000161,group13000,group13000/13000/13000161_test.jpg,group13000/13000/13000161_temp.jpg,group13000/13000_not/13000161.txt,open_circuit;mouse_bite;spur;spurious_copper;pin_hole
train,group00041_00041133,group00041,group00041/00041/00041133_test.jpg,group00041/00041/00041133_temp.jpg,group00041/00041_not/00041133.txt,open_circuit;short_circuit;mouse_bite;spur;spurious_copper;pin_hole
train,group12100_12100135,group12100,group12100/12100/12100135_test.jpg,group12100/12100/12100135_temp.jpg,group12100/12100_not/12100135.txt,open_circuit;mouse_bite;spurious_copper;pin_hole
train,group12100_12100166,group12100,group12100/12100/12100166_test.jpg,group12100/12100/12100166_temp.jpg,group12100/12100_not/12100166.txt,open_circuit;short_circuit;mouse_bite;spurious_copper;pin_hole
train,group12100_12100193,group12100,group12100/12100/12100193_test.jpg,group12100/12100/12100193_temp.jpg,group12100/12100_not/12100193.txt,open_circuit;mouse_bite;spur;spurious_copper;pin_hole
train,group12100_12100059,group12100,group12100/12100/12100059_test.jpg,group12100/12100/12100059_temp.jpg,group12100/12100_not/12100059.txt,open_circuit;short_circuit;mouse_bite;spur;spurious_copper;pin_hole
train,group92000_92000061,group92000,group92000/92000/92000061_test.jpg,group92000/92000/92000061_temp.jpg,group92000/92000_not/92000061.txt,open_circuit;short_circuit;mouse_bite;spurious_copper;pin_hole
train,group13000_13000047,group13000,group13000/13000/13000047_test.jpg,group13000/13000/13000047_temp.jpg,group13000/13000_not/13000047.txt,open_circuit;short_circuit;mouse_bite;spurious_copper;pin_hole
train,group77000_77000013,group77000,group77000/77000/77000013_test.jpg,group77000/77000/77000013_temp.jpg,group77000/77000_not/77000013.txt,short_circuit;mouse_bite;spurious_copper;pin_hole
train,group44000_44000054,group44000,group44000/44000/44000054_test.jpg,group44000/44000/44000054_temp.jpg,group44000/44000_not/44000054.txt,open_circuit;short_circuit;mouse_bite;spur;spurious_copper;pin_hole
train,group12300_12300062,group12300,group12300/12300/12300062_test.jpg,group12300/12300/12300062_temp.jpg,group12300/12300_not/12300062.txt,open_circuit;mouse_bite;spurious_copper;pin_hole
train,group44000_44000075,group44000,group44000/44000/44000075_test.jpg,group44000/44000/44000075_temp.jpg,group44000/44000_not/44000075.txt,open_circuit;short_circuit;mouse_bite;spur;spurious_copper;pin_hole
train,group20085_20085006,group20085,group20085/20085/20085006_test.jpg,group20085/20085/20085006_temp.jpg,group20085/20085_not/20085006.txt,short_circuit;mouse_bite;spur;spurious_copper;pin_hole
train,group12300_12300114,group12300,group12300/12300/12300114_test.jpg,group12300/12300/12300114_temp.jpg,group12300/12300_not/12300114.txt,open_circuit;short_circuit;spur;spurious_copper;pin_hole
train,group20085_20085181,group20085,group20085/20085/20085181_test.jpg,group20085/20085/20085181_temp.jpg,group20085/20085_not/20085181.txt,open_circuit;short_circuit;mouse_bite;spurious_copper;pin_hole
train,group92000_92000029,group92000,group92000/92000/92000029_test.jpg,group92000/92000/92000029_temp.jpg,group92000/92000_not/92000029.txt,open_circuit;mouse_bite;spurious_copper;pin_hole
train,group12300_12300144,group12300,group12300/12300/12300144_test.jpg,group12300/12300/12300144_temp.jpg,group12300/12300_not/12300144.txt,open_circuit;short_circuit;mouse_bite;spurious_copper;pin_hole
train,group20085_20085313,group20085,group20085/20085/20085313_test.jpg,group20085/20085/20085313_temp.jpg,group20085/20085_not/20085313.txt,mouse_bite;spur;spurious_copper;pin_hole
train,group50600_50600048,group50600,group50600/50600/50600048_test.jpg,group50600/50600/50600048_temp.jpg,group50600/50600_not/50600048.txt,open_circuit;short_circuit;mouse_bite;spurious_copper;pin_hole
train,group12300_12300070,group12300,group12300/12300/12300070_test.jpg,group12300/12300/12300070_temp.jpg,group12300/12300_not/12300070.txt,open_circuit;mouse_bite;spurious_copper;pin_hole
train,group12100_12100062,group12100,group12100/12100/12100062_test.jpg,group12100/12100/12100062_temp.jpg,group12100/12100_not/12100062.txt,open_circuit;short_circuit;spur;spurious_copper;pin_hole
train,group00041_00041157,group00041,group00041/00041/00041157_test.jpg,group00041/00041/00041157_temp.jpg,group00041/00041_not/00041157.txt,open_circuit;mouse_bite;spur;spurious_copper
train,group20085_20085238,group20085,group20085/20085/20085238_test.jpg,group20085/20085/20085238_temp.jpg,group20085/20085_not/20085238.txt,open_circuit;short_circuit;mouse_bite;spur;spurious_copper;pin_hole
train,group50600_50600002,group50600,group50600/50600/50600002_test.jpg,group50600/50600/50600002_temp.jpg,group50600/50600_not/50600002.txt,open_circuit;short_circuit;spur;spurious_copper;pin_hole
train,group20085_20085184,group20085,group20085/20085/20085184_test.jpg,group20085/20085/20085184_temp.jpg,group20085/20085_not/20085184.txt,open_circuit;short_circuit;mouse_bite;spur;spurious_copper;pin_hole
train,group00041_00041182,group00041,group00041/00041/00041182_test.jpg,group00041/00041/00041182_temp.jpg,group00041/00041_not/00041182.txt,open_circuit;mouse_bite;spur;spurious_copper;pin_hole
train,group90100_90100059,group90100,group90100/90100/90100059_test.jpg,group90100/90100/90100059_temp.jpg,group90100/90100_not/90100059.txt,open_circuit;short_circuit;spur;spurious_copper;pin_hole
train,group13000_13000034,group13000,group13000/13000/13000034_test.jpg,group13000/13000/13000034_temp.jpg,group13000/13000_not/13000034.txt,open_circuit;mouse_bite;spur;spurious_copper;pin_hole
train,group77000_77000030,group77000,group77000/77000/77000030_test.jpg,group77000/77000/77000030_temp.jpg,group77000/77000_not/77000030.txt,short_circuit;mouse_bite;spur;spurious_copper;pin_hole
train,group12100_12100194,group12100,group12100/12100/12100194_test.jpg,group12100/12100/12100194_temp.jpg,group12100/12100_not/12100194.txt,open_circuit;short_circuit;spur;spurious_copper;pin_hole
train,group50600_50600021,group50600,group50600/50600/50600021_test.jpg,group50600/50600/50600021_temp.jpg,group50600/50600_not/50600021.txt,open_circuit;short_circuit;mouse_bite;spur;spurious_copper;pin_hole
train,group12100_12100127,group12100,group12100/12100/12100127_test.jpg,group12100/12100/12100127_temp.jpg,group12100/12100_not/12100127.txt,open_circuit;mouse_bite
train,group20085_20085232,group20085,group20085/20085/20085232_test.jpg,group20085/20085/20085232_temp.jpg,group20085/20085_not/20085232.txt,open_circuit;short_circuit;mouse_bite;spur;spurious_copper;pin_hole
train,group13000_13000012,group13000,group13000/13000/13000012_test.jpg,group13000/13000/13000012_temp.jpg,group13000/13000_not/13000012.txt,open_circuit;short_circuit;mouse_bite;spur;spurious_copper;pin_hole
train,group90100_90100014,group90100,group90100/90100/90100014_test.jpg,group90100/90100/90100014_temp.jpg,group90100/90100_not/90100014.txt,open_circuit;short_circuit;spurious_copper;pin_hole
train,group20085_20085027,group20085,group20085/20085/20085027_test.jpg,group20085/20085/20085027_temp.jpg,group20085/20085_not/20085027.txt,open_circuit;short_circuit;mouse_bite;spur;spurious_copper;pin_hole
train,group92000_92000021,group92000,group92000/92000/92000021_test.jpg,group92000/92000/92000021_temp.jpg,group92000/92000_not/92000021.txt,open_circuit;mouse_bite;spur;spurious_copper;pin_hole
train,group00041_00041098,group00041,group00041/00041/00041098_test.jpg,group00041/00041/00041098_temp.jpg,group00041/00041_not/00041098.txt,open_circuit;short_circuit;spur;spurious_copper;pin_hole
train,group13000_13000203,group13000,group13000/13000/13000203_test.jpg,group13000/13000/13000203_temp.jpg,group13000/13000_not/13000203.txt,open_circuit;short_circuit;mouse_bite;spurious_copper;pin_hole
train,group13000_13000123,group13000,group13000/13000/13000123_test.jpg,group13000/13000/13000123_temp.jpg,group13000/13000_not/13000123.txt,open_circuit;short_circuit;mouse_bite;spur;spurious_copper;pin_hole
train,group50600_50600042,group50600,group50600/50600/50600042_test.jpg,group50600/50600/50600042_temp.jpg,group50600/50600_not/50600042.txt,open_circuit;short_circuit;spur;spurious_copper;pin_hole
train,group00041_00041132,group00041,group00041/00041/00041132_test.jpg,group00041/00041/00041132_temp.jpg,group00041/00041_not/00041132.txt,short_circuit;mouse_bite;spurious_copper;pin_hole
train,group13000_13000129,group13000,group13000/13000/13000129_test.jpg,group13000/13000/13000129_temp.jpg,group13000/13000_not/13000129.txt,mouse_bite;spurious_copper;pin_hole
train,group90100_90100028,group90100,group90100/90100/90100028_test.jpg,group90100/90100/90100028_temp.jpg,group90100/90100_not/90100028.txt,open_circuit;mouse_bite;spurious_copper;pin_hole
train,group20085_20085150,group20085,group20085/20085/20085150_test.jpg,group20085/20085/20085150_temp.jpg,group20085/20085_not/20085150.txt,open_circuit;short_circuit;mouse_bite;spur;pin_hole
train,group13000_13000068,group13000,group13000/13000/13000068_test.jpg,group13000/13000/13000068_temp.jpg,group13000/13000_not/13000068.txt,open_circuit;short_circuit;mouse_bite;spur;pin_hole
train,group12100_12100179,group12100,group12100/12100/12100179_test.jpg,group12100/12100/12100179_temp.jpg,group12100/12100_not/12100179.txt,open_circuit;short_circuit;mouse_bite;spur;spurious_copper;pin_hole
train,group44000_44000060,group44000,group44000/44000/44000060_test.jpg,group44000/44000/44000060_temp.jpg,group44000/44000_not/44000060.txt,open_circuit;short_circuit;mouse_bite;spur;spurious_copper;pin_hole
train,group12300_12300151,group12300,group12300/12300/12300151_test.jpg,group12300/12300/12300151_temp.jpg,group12300/12300_not/12300151.txt,open_circuit;short_circuit;mouse_bite;spur;spurious_copper;pin_hole
train,group12100_12100174,group12100,group12100/12100/12100174_test.jpg,group12100/12100/12100174_temp.jpg,group12100/12100_not/12100174.txt,open_circuit;short_circuit;mouse_bite;spur;pin_hole
train,group20085_20085282,group20085,group20085/20085/20085282_test.jpg,group20085/20085/20085282_temp.jpg,group20085/20085_not/20085282.txt,open_circuit;short_circuit;spur;spurious_copper
train,group90100_90100060,group90100,group90100/90100/90100060_test.jpg,group90100/90100/90100060_temp.jpg,group90100/90100_not/90100060.txt,open_circuit;mouse_bite;spur;spurious_copper;pin_hole
train,group20085_20085255,group20085,group20085/20085/20085255_test.jpg,group20085/20085/20085255_temp.jpg,group20085/20085_not/20085255.txt,open_circuit;short_circuit;mouse_bite;spur;spurious_copper
train,group20085_20085085,group20085,group20085/20085/20085085_test.jpg,group20085/20085/20085085_temp.jpg,group20085/20085_not/20085085.txt,open_circuit;short_circuit;mouse_bite;spur;spurious_copper
train,group12100_12100188,group12100,group12100/12100/12100188_test.jpg,group12100/12100/12100188_temp.jpg,group12100/12100_not/12100188.txt,open_circuit;mouse_bite;spur;spurious_copper;pin_hole
train,group92000_92000090,group92000,group92000/92000/92000090_test.jpg,group92000/92000/92000090_temp.jpg,group92000/92000_not/92000090.txt,open_circuit;mouse_bite;spurious_copper;pin_hole
train,group92000_92000087,group92000,group92000/92000/92000087_test.jpg,group92000/92000/92000087_temp.jpg,group92000/92000_not/92000087.txt,open_circuit;mouse_bite;spurious_copper;pin_hole
train,group20085_20085059,group20085,group20085/20085/20085059_test.jpg,group20085/20085/20085059_temp.jpg,group20085/20085_not/20085059.txt,open_circuit;short_circuit;mouse_bite;spur;spurious_copper;pin_hole
train,group44000_44000096,group44000,group44000/44000/44000096_test.jpg,group44000/44000/44000096_temp.jpg,group44000/44000_not/44000096.txt,open_circuit;short_circuit;mouse_bite;spur;spurious_copper;pin_hole
train,group77000_77000095,group77000,group77000/77000/77000095_test.jpg,group77000/77000/77000095_temp.jpg,group77000/77000_not/77000095.txt,open_circuit;short_circuit;mouse_bite;spur;spurious_copper;pin_hole
train,group12300_12300109,group12300,group12300/12300/12300109_test.jpg,group12300/12300/12300109_temp.jpg,group12300/12300_not/12300109.txt,open_circuit;mouse_bite;spur;spurious_copper;pin_hole
train,group20085_20085266,group20085,group20085/20085/20085266_test.jpg,group20085/20085/20085266_temp.jpg,group20085/20085_not/20085266.txt,open_circuit;short_circuit;mouse_bite;spur;spurious_copper;pin_hole
train,group13000_13000041,group13000,group13000/13000/13000041_test.jpg,group13000/13000/13000041_temp.jpg,group13000/13000_not/13000041.txt,open_circuit;mouse_bite;spur;spurious_copper;pin_hole
train,group77000_77000055,group77000,group77000/77000/77000055_test.jpg,group77000/77000/77000055_temp.jpg,group77000/77000_not/77000055.txt,open_circuit;short_circuit;mouse_bite;spur;pin_hole
train,group77000_77000031,group77000,group77000/77000/77000031_test.jpg,group77000/77000/77000031_temp.jpg,group77000/77000_not/77000031.txt,open_circuit;mouse_bite;spurious_copper;pin_hole
train,group12100_12100173,group12100,group12100/12100/12100173_test.jpg,group12100/12100/12100173_temp.jpg,group12100/12100_not/12100173.txt,open_circuit;short_circuit;mouse_bite;spur;spurious_copper;pin_hole
train,group13000_13000137,group13000,group13000/13000/13000137_test.jpg,group13000/13000/13000137_temp.jpg,group13000/13000_not/13000137.txt,open_circuit;short_circuit;mouse_bite;spur;spurious_copper
train,group20085_20085295,group20085,group20085/20085/20085295_test.jpg,group20085/20085/20085295_temp.jpg,group20085/20085_not/20085295.txt,open_circuit;short_circuit;mouse_bite;spur;spurious_copper
train,group20085_20085298,group20085,group20085/20085/20085298_test.jpg,group20085/20085/20085298_temp.jpg,group20085/20085_not/20085298.txt,short_circuit;mouse_bite;spurious_copper;pin_hole
train,group12100_12100008,group12100,group12100/12100/12100008_test.jpg,group12100/12100/12100008_temp.jpg,group12100/12100_not/12100008.txt,open_circuit;short_circuit;mouse_bite;spurious_copper;pin_hole
train,group13000_13000196,group13000,group13000/13000/13000196_test.jpg,group13000/13000/13000196_temp.jpg,group13000/13000_not/13000196.txt,short_circuit;spurious_copper;pin_hole
train,group12100_12100167,group12100,group12100/12100/12100167_test.jpg,group12100/12100/12100167_temp.jpg,group12100/12100_not/12100167.txt,open_circuit;short_circuit;mouse_bite;spur;spurious_copper
train,group20085_20085098,group20085,group20085/20085/20085098_test.jpg,group20085/20085/20085098_temp.jpg,group20085/20085_not/20085098.txt,open_circuit;short_circuit;mouse_bite;spur;spurious_copper
train,group77000_77000028,group77000,group77000/77000/77000028_test.jpg,group77000/77000/77000028_temp.jpg,group77000/77000_not/77000028.txt,open_circuit;short_circuit;mouse_bite;spur;spurious_copper;pin_hole
train,group00041_00041192,group00041,group00041/00041/00041192_test.jpg,group00041/00041/00041192_temp.jpg,group00041/00041_not/00041192.txt,open_circuit;mouse_bite;spur;spurious_copper;pin_hole
train,group00041_00041214,group00041,group00041/00041/00041214_test.jpg,group00041/00041/00041214_temp.jpg,group00041/00041_not/00041214.txt,open_circuit;mouse_bite;pin_hole
train,group90100_90100010,group90100,group90100/90100/90100010_test.jpg,group90100/90100/90100010_temp.jpg,group90100/90100_not/90100010.txt,open_circuit;short_circuit;mouse_bite;spur;spurious_copper;pin_hole
train,group90100_90100005,group90100,group90100/90100/90100005_test.jpg,group90100/90100/90100005_temp.jpg,group90100/90100_not/90100005.txt,open_circuit;mouse_bite;spur;spurious_copper;pin_hole
train,group13000_13000013,group13000,group13000/13000/13000013_test.jpg,group13000/13000/13000013_temp.jpg,group13000/13000_not/13000013.txt,open_circuit;short_circuit;mouse_bite;spur;pin_hole
train,group12300_12300064,group12300,group12300/12300/12300064_test.jpg,group12300/12300/12300064_temp.jpg,group12300/12300_not/12300064.txt,open_circuit;mouse_bite;spur;spurious_copper;pin_hole
train,group00041_00041084,group00041,group00041/00041/00041084_test.jpg,group00041/00041/00041084_temp.jpg,group00041/00041_not/00041084.txt,open_circuit;short_circuit;mouse_bite;spur;spurious_copper;pin_hole
train,group20085_20085110,group20085,group20085/20085/20085110_test.jpg,group20085/20085/20085110_temp.jpg,group20085/20085_not/20085110.txt,open_circuit;mouse_bite;spur;spurious_copper;pin_hole
train,group20085_20085038,group20085,group20085/20085/20085038_test.jpg,group20085/20085/20085038_temp.jpg,group20085/20085_not/20085038.txt,open_circuit;short_circuit;mouse_bite;spur;spurious_copper;pin_hole
train,group44000_44000023,group44000,group44000/44000/44000023_test.jpg,group44000/44000/44000023_temp.jpg,group44000/44000_not/44000023.txt,open_circuit;short_circuit;mouse_bite;spur;spurious_copper;pin_hole
train,group92000_92000062,group92000,group92000/92000/92000062_test.jpg,group92000/92000/92000062_temp.jpg,group92000/92000_not/92000062.txt,open_circuit;short_circuit;spur;spurious_copper;pin_hole
train,group13000_13000065,group13000,group13000/13000/13000065_test.jpg,group13000/13000/13000065_temp.jpg,group13000/13000_not/13000065.txt,open_circuit;short_circuit;mouse_bite;spur;spurious_copper;pin_hole
train,group00041_00041184,group00041,group00041/00041/00041184_test.jpg,group00041/00041/00041184_temp.jpg,group00041/00041_not/00041184.txt,open_circuit;short_circuit;mouse_bite;spur;spurious_copper;pin_hole
train,group20085_20085319,group20085,group20085/20085/20085319_test.jpg,group20085/20085/20085319_temp.jpg,group20085/20085_not/20085319.txt,open_circuit;short_circuit;mouse_bite;pin_hole
train,group20085_20085250,group20085,group20085/20085/20085250_test.jpg,group20085/20085/20085250_temp.jpg,group20085/20085_not/20085250.txt,open_circuit;short_circuit;mouse_bite;spur
train,group12300_12300223,group12300,group12300/12300/12300223_test.jpg,group12300/12300/12300223_temp.jpg,group12300/12300_not/12300223.txt,open_circuit;mouse_bite;spur;spurious_copper
train,group50600_50600036,group50600,group50600/50600/50600036_test.jpg,group50600/50600/50600036_temp.jpg,group50600/50600_not/50600036.txt,open_circuit;short_circuit;spur;spurious_copper
train,group20085_20085140,group20085,group20085/20085/20085140_test.jpg,group20085/20085/20085140_temp.jpg,group20085/20085_not/20085140.txt,open_circuit;short_circuit;mouse_bite;spur;spurious_copper;pin_hole
train,group44000_44000088,group44000,group44000/44000/44000088_test.jpg,group44000/44000/44000088_temp.jpg,group44000/44000_not/44000088.txt,open_circuit;short_circuit;mouse_bite;spur;spurious_copper;pin_hole
train,group00041_00041100,group00041,group00041/00041/00041100_test.jpg,group00041/00041/00041100_temp.jpg,group00041/00041_not/00041100.txt,open_circuit;short_circuit;mouse_bite;spurious_copper;pin_hole
train,group13000_13000175,group13000,group13000/13000/13000175_test.jpg,group13000/13000/13000175_temp.jpg,group13000/13000_not/13000175.txt,open_circuit;mouse_bite;spurious_copper;pin_hole
train,group00041_00041181,group00041,group00041/00041/00041181_test.jpg,group00041/00041/00041181_temp.jpg,group00041/00041_not/00041181.txt,open_circuit;short_circuit;mouse_bite;spur;spurious_copper;pin_hole
train,group12300_12300111,group12300,group12300/12300/12300111_test.jpg,group12300/12300/12300111_temp.jpg,group12300/12300_not/12300111.txt,short_circuit;mouse_bite;spur;spurious_copper;pin_hole
train,group20085_20085099,group20085,group20085/20085/20085099_test.jpg,group20085/20085/20085099_temp.jpg,group20085/20085_not/20085099.txt,open_circuit;short_circuit;mouse_bite;spur;spurious_copper;pin_hole
train,group00041_00041111,group00041,group00041/00041/00041111_test.jpg,group00041/00041/00041111_temp.jpg,group00041/00041_not/00041111.txt,open_circuit;short_circuit;mouse_bite;spur;spurious_copper;pin_hole
train,group00041_00041187,group00041,group00041/00041/00041187_test.jpg,group00041/00041/00041187_temp.jpg,group00041/00041_not/00041187.txt,open_circuit;short_circuit;mouse_bite;spur;spurious_copper;pin_hole
train,group77000_77000012,group77000,group77000/77000/77000012_test.jpg,group77000/77000/77000012_temp.jpg,group77000/77000_not/77000012.txt,short_circuit;spur;spurious_copper;pin_hole
train,group77000_77000045,group77000,group77000/77000/77000045_test.jpg,group77000/77000/77000045_temp.jpg,group77000/77000_not/77000045.txt,open_circuit;short_circuit;spur;pin_hole
train,group50600_50600073,group50600,group50600/50600/50600073_test.jpg,group50600/50600/50600073_temp.jpg,group50600/50600_not/50600073.txt,open_circuit;short_circuit;mouse_bite;spurious_copper;pin_hole
train,group77000_77000082,group77000,group77000/77000/77000082_test.jpg,group77000/77000/77000082_temp.jpg,group77000/77000_not/77000082.txt,open_circuit;short_circuit;mouse_bite;spur;spurious_copper;pin_hole
train,group00041_00041032,group00041,group00041/00041/00041032_test.jpg,group00041/00041/00041032_temp.jpg,group00041/00041_not/00041032.txt,open_circuit;short_circuit;mouse_bite;spurious_copper;pin_hole
train,group92000_92000114,group92000,group92000/92000/92000114_test.jpg,group92000/92000/92000114_temp.jpg,group92000/92000_not/92000114.txt,open_circuit;short_circuit;spur;spurious_copper
train,group12100_12100145,group12100,group12100/12100/12100145_test.jpg,group12100/12100/12100145_temp.jpg,group12100/12100_not/12100145.txt,open_circuit;short_circuit;mouse_bite;spur;spurious_copper;pin_hole
train,group44000_44000024,group44000,group44000/44000/44000024_test.jpg,group44000/44000/44000024_temp.jpg,group44000/44000_not/44000024.txt,open_circuit;short_circuit;mouse_bite;spur;spurious_copper;pin_hole
train,group20085_20085256,group20085,group20085/20085/20085256_test.jpg,group20085/20085/20085256_temp.jpg,group20085/20085_not/20085256.txt,open_circuit;short_circuit;mouse_bite;spur;spurious_copper;pin_hole
train,group13000_13000144,group13000,group13000/13000/13000144_test.jpg,group13000/13000/13000144_temp.jpg,group13000/13000_not/13000144.txt,open_circuit;short_circuit;mouse_bite;spur;spurious_copper;pin_hole
train,group13000_13000083,group13000,group13000/13000/13000083_test.jpg,group13000/13000/13000083_temp.jpg,group13000/13000_not/13000083.txt,open_circuit;mouse_bite;spur;spurious_copper;pin_hole
train,group20085_20085307,group20085,group20085/20085/20085307_test.jpg,group20085/20085/20085307_temp.jpg,group20085/20085_not/20085307.txt,open_circuit;short_circuit;spur
train,group13000_13000109,group13000,group13000/13000/13000109_test.jpg,group13000/13000/13000109_temp.jpg,group13000/13000_not/13000109.txt,open_circuit;short_circuit;mouse_bite;spur;spurious_copper;pin_hole
train,group50600_50600056,group50600,group50600/50600/50600056_test.jpg,group50600/50600/50600056_temp.jpg,group50600/50600_not/50600056.txt,open_circuit;short_circuit;mouse_bite;spurious_copper;pin_hole
train,group44000_44000108,group44000,group44000/44000/44000108_test.jpg,group44000/44000/44000108_temp.jpg,group44000/44000_not/44000108.txt,open_circuit;short_circuit;mouse_bite;spur;spurious_copper;pin_hole
train,group13000_13000102,group13000,group13000/13000/13000102_test.jpg,group13000/13000/13000102_temp.jpg,group13000/13000_not/13000102.txt,open_circuit;short_circuit;mouse_bite;spur;spurious_copper;pin_hole
train,group00041_00041015,group00041,group00041/00041/00041015_test.jpg,group00041/00041/00041015_temp.jpg,group00041/00041_not/00041015.txt,open_circuit;mouse_bite;spurious_copper;pin_hole
train,group00041_00041091,group00041,group00041/00041/00041091_test.jpg,group00041/00041/00041091_temp.jpg,group00041/00041_not/00041091.txt,open_circuit;short_circuit;mouse_bite;spur;spurious_copper;pin_hole
train,group20085_20085269,group20085,group20085/20085/20085269_test.jpg,group20085/20085/20085269_temp.jpg,group20085/20085_not/20085269.txt,short_circuit;mouse_bite;spurious_copper
train,group12100_12100053,group12100,group12100/12100/12100053_test.jpg,group12100/12100/12100053_temp.jpg,group12100/12100_not/12100053.txt,open_circuit;short_circuit;mouse_bite;spurious_copper;pin_hole
train,group00041_00041190,group00041,group00041/00041/00041190_test.jpg,group00041/00041/00041190_temp.jpg,group00041/00041_not/00041190.txt,open_circuit;short_circuit;mouse_bite;spur;spurious_copper;pin_hole
train,group12100_12100130,group12100,group12100/12100/12100130_test.jpg,group12100/12100/12100130_temp.jpg,group12100/12100_not/12100130.txt,open_circuit;short_circuit;spur;pin_hole
train,group44000_44000048,group44000,group44000/44000/44000048_test.jpg,group44000/44000/44000048_temp.jpg,group44000/44000_not/44000048.txt,open_circuit;short_circuit;mouse_bite;spurious_copper;pin_hole
train,group12300_12300075,group12300,group12300/12300/12300075_test.jpg,group12300/12300/12300075_temp.jpg,group12300/12300_not/12300075.txt,open_circuit;spurious_copper;pin_hole
train,group00041_00041113,group00041,group00041/00041/00041113_test.jpg,group00041/00041/00041113_temp.jpg,group00041/00041_not/00041113.txt,open_circuit;mouse_bite;spur;spurious_copper;pin_hole
train,group20085_20085152,group20085,group20085/20085/20085152_test.jpg,group20085/20085/20085152_temp.jpg,group20085/20085_not/20085152.txt,open_circuit;short_circuit;mouse_bite;spur;spurious_copper;pin_hole
train,group20085_20085118,group20085,group20085/20085/20085118_test.jpg,group20085/20085/20085118_temp.jpg,group20085/20085_not/20085118.txt,open_circuit;short_circuit;mouse_bite;spur;spurious_copper
train,group00041_00041008,group00041,group00041/00041/00041008_test.jpg,group00041/00041/00041008_temp.jpg,group00041/00041_not/00041008.txt,open_circuit;short_circuit;mouse_bite;spurious_copper;pin_hole
train,group00041_00041071,group00041,group00041/00041/00041071_test.jpg,group00041/00041/00041071_temp.jpg,group00041/00041_not/00041071.txt,open_circuit;short_circuit;mouse_bite;spur
train,group92000_92000109,group92000,group92000/92000/92000109_test.jpg,group92000/92000/92000109_temp.jpg,group92000/92000_not/92000109.txt,short_circuit;mouse_bite;spur;pin_hole
train,group20085_20085222,group20085,group20085/20085/20085222_test.jpg,group20085/20085/20085222_temp.jpg,group20085/20085_not/20085222.txt,open_circuit;short_circuit;mouse_bite;spur;spurious_copper;pin_hole
train,group13000_13000077,group13000,group13000/13000/13000077_test.jpg,group13000/13000/13000077_temp.jpg,group13000/13000_not/13000077.txt,open_circuit;short_circuit;mouse_bite;spurious_copper;pin_hole
train,group77000_77000025,group77000,group77000/77000/77000025_test.jpg,group77000/77000/77000025_temp.jpg,group77000/77000_not/77000025.txt,open_circuit;short_circuit;mouse_bite;spurious_copper;pin_hole
train,group90100_90100017,group90100,group90100/90100/90100017_test.jpg,group90100/90100/90100017_temp.jpg,group90100/90100_not/90100017.txt,open_circuit;short_circuit;mouse_bite;spur;pin_hole
train,group92000_92000033,group92000,group92000/92000/92000033_test.jpg,group92000/92000/92000033_temp.jpg,group92000/92000_not/92000033.txt,open_circuit;short_circuit;mouse_bite;spur;pin_hole
train,group00041_00041107,group00041,group00041/00041/00041107_test.jpg,group00041/00041/00041107_temp.jpg,group00041/00041_not/00041107.txt,mouse_bite;spur;spurious_copper;pin_hole
train,group92000_92000085,group92000,group92000/92000/92000085_test.jpg,group92000/92000/92000085_temp.jpg,group92000/92000_not/92000085.txt,open_circuit;short_circuit;mouse_bite
train,group20085_20085087,group20085,group20085/20085/20085087_test.jpg,group20085/20085/20085087_temp.jpg,group20085/20085_not/20085087.txt,open_circuit;short_circuit;spur;spurious_copper;pin_hole
train,group20085_20085318,group20085,group20085/20085/20085318_test.jpg,group20085/20085/20085318_temp.jpg,group20085/20085_not/20085318.txt,open_circuit;short_circuit;spur;spurious_copper;pin_hole
train,group00041_00041099,group00041,group00041/00041/00041099_test.jpg,group00041/00041/00041099_temp.jpg,group00041/00041_not/00041099.txt,open_circuit;short_circuit;mouse_bite;spurious_copper;pin_hole
train,group00041_00041034,group00041,group00041/00041/00041034_test.jpg,group00041/00041/00041034_temp.jpg,group00041/00041_not/00041034.txt,open_circuit;short_circuit;mouse_bite;spur;spurious_copper;pin_hole
train,group00041_00041207,group00041,group00041/00041/00041207_test.jpg,group00041/00041/00041207_temp.jpg,group00041/00041_not/00041207.txt,open_circuit;short_circuit;spur;spurious_copper
train,group44000_44000077,group44000,group44000/44000/44000077_test.jpg,group44000/44000/44000077_temp.jpg,group44000/44000_not/44000077.txt,open_circuit;short_circuit;mouse_bite;spur;spurious_copper;pin_hole
train,group00041_00041024,group00041,group00041/00041/00041024_test.jpg,group00041/00041/00041024_temp.jpg,group00041/00041_not/00041024.txt,open_circuit;short_circuit;mouse_bite;spur;spurious_copper;pin_hole
train,group20085_20085230,group20085,group20085/20085/20085230_test.jpg,group20085/20085/20085230_temp.jpg,group20085/20085_not/20085230.txt,open_circuit;short_circuit;mouse_bite;spur;spurious_copper;pin_hole
train,group00041_00041126,group00041,group00041/00041/00041126_test.jpg,group00041/00041/00041126_temp.jpg,group00041/00041_not/00041126.txt,open_circuit;mouse_bite;spur;spurious_copper;pin_hole
train,group77000_77000065,group77000,group77000/77000/77000065_test.jpg,group77000/77000/77000065_temp.jpg,group77000/77000_not/77000065.txt,open_circuit;short_circuit;mouse_bite;pin_hole
train,group00041_00041009,group00041,group00041/00041/00041009_test.jpg,group00041/00041/00041009_temp.jpg,group00041/00041_not/00041009.txt,open_circuit;short_circuit;mouse_bite;spur;spurious_copper
train,group20085_20085013,group20085,group20085/20085/20085013_test.jpg,group20085/20085/20085013_temp.jpg,group20085/20085_not/20085013.txt,open_circuit;mouse_bite;spur;spurious_copper;pin_hole
train,group13000_13000003,group13000,group13000/13000/13000003_test.jpg,group13000/13000/13000003_temp.jpg,group13000/13000_not/13000003.txt,open_circuit;short_circuit;mouse_bite;spur;spurious_copper;pin_hole
train,group20085_20085014,group20085,group20085/20085/20085014_test.jpg,group20085/20085/20085014_temp.jpg,group20085/20085_not/20085014.txt,open_circuit;short_circuit;mouse_bite;spur;spurious_copper;pin_hole
train,group20085_20085271,group20085,group20085/20085/20085271_test.jpg,group20085/20085/20085271_temp.jpg,group20085/20085_not/20085271.txt,open_circuit;mouse_bite;spur;spurious_copper;pin_hole
train,group12100_12100141,group12100,group12100/12100/12100141_test.jpg,group12100/12100/12100141_temp.jpg,group12100/12100_not/12100141.txt,open_circuit;short_circuit;spur;spurious_copper
train,group90100_90100041,group90100,group90100/90100/90100041_test.jpg,group90100/90100/90100041_temp.jpg,group90100/90100_not/90100041.txt,open_circuit;short_circuit;spur;spurious_copper;pin_hole
train,group20085_20085306,group20085,group20085/20085/20085306_test.jpg,group20085/20085/20085306_temp.jpg,group20085/20085_not/20085306.txt,open_circuit;short_circuit;mouse_bite;spurious_copper
train,group20085_20085092,group20085,group20085/20085/20085092_test.jpg,group20085/20085/20085092_temp.jpg,group20085/20085_not/20085092.txt,open_circuit;short_circuit;mouse_bite;spur;spurious_copper
train,group12100_12100162,group12100,group12100/12100/12100162_test.jpg,group12100/12100/12100162_temp.jpg,group12100/12100_not/12100162.txt,open_circuit;short_circuit;mouse_bite;spur;spurious_copper;pin_hole
train,group50600_50600023,group50600,group50600/50600/50600023_test.jpg,group50600/50600/50600023_temp.jpg,group50600/50600_not/50600023.txt,open_circuit;mouse_bite;spur;spurious_copper;pin_hole
train,group13000_13000156,group13000,group13000/13000/13000156_test.jpg,group13000/13000/13000156_temp.jpg,group13000/13000_not/13000156.txt,open_circuit;short_circuit;mouse_bite;spurious_copper;pin_hole
train,group77000_77000093,group77000,group77000/77000/77000093_test.jpg,group77000/77000/77000093_temp.jpg,group77000/77000_not/77000093.txt,open_circuit;mouse_bite;spur;spurious_copper;pin_hole
train,group20085_20085025,group20085,group20085/20085/20085025_test.jpg,group20085/20085/20085025_temp.jpg,group20085/20085_not/20085025.txt,open_circuit;short_circuit;mouse_bite;spur;spurious_copper;pin_hole
train,group20085_20085011,group20085,group20085/20085/20085011_test.jpg,group20085/20085/20085011_temp.jpg,group20085/20085_not/20085011.txt,open_circuit;short_circuit;spur;spurious_copper;pin_hole
train,group44000_44000028,group44000,group44000/44000/44000028_test.jpg,group44000/44000/44000028_temp.jpg,group44000/44000_not/44000028.txt,open_circuit;short_circuit;mouse_bite;spur;spurious_copper;pin_hole
train,group44000_44000068,group44000,group44000/44000/44000068_test.jpg,group44000/44000/44000068_temp.jpg,group44000/44000_not/44000068.txt,open_circuit;short_circuit;mouse_bite;spur;spurious_copper;pin_hole
train,group20085_20085159,group20085,group20085/20085/20085159_test.jpg,group20085/20085/20085159_temp.jpg,group20085/20085_not/20085159.txt,spurious_copper
train,group77000_77000106,group77000,group77000/77000/77000106_test.jpg,group77000/77000/77000106_temp.jpg,group77000/77000_not/77000106.txt,short_circuit;mouse_bite;spurious_copper;pin_hole
train,group44000_44000019,group44000,group44000/44000/44000019_test.jpg,group44000/44000/44000019_temp.jpg,group44000/44000_not/44000019.txt,open_circuit;short_circuit;mouse_bite;spur;spurious_copper;pin_hole
train,group13000_13000094,group13000,group13000/13000/13000094_test.jpg,group13000/13000/13000094_temp.jpg,group13000/13000_not/13000094.txt,open_circuit;short_circuit;mouse_bite;spur;pin_hole
train,group20085_20085174,group20085,group20085/20085/20085174_test.jpg,group20085/20085/20085174_temp.jpg,group20085/20085_not/20085174.txt,open_circuit;short_circuit;mouse_bite;spurious_copper;pin_hole
train,group44000_44000021,group44000,group44000/44000/44000021_test.jpg,group44000/44000/44000021_temp.jpg,group44000/44000_not/44000021.txt,open_circuit;short_circuit;mouse_bite;spur;spurious_copper;pin_hole
train,group92000_92000052,group92000,group92000/92000/92000052_test.jpg,group92000/92000/92000052_temp.jpg,group92000/92000_not/92000052.txt,open_circuit;mouse_bite;spur
train,group20085_20085285,group20085,group20085/20085/20085285_test.jpg,group20085/20085/20085285_temp.jpg,group20085/20085_not/20085285.txt,open_circuit;short_circuit;mouse_bite;spur;spurious_copper;pin_hole
train,group77000_77000100,group77000,group77000/77000/77000100_test.jpg,group77000/77000/77000100_temp.jpg,group77000/77000_not/77000100.txt,open_circuit;short_circuit;mouse_bite;spurious_copper
train,group13000_13000036,group13000,group13000/13000/13000036_test.jpg,group13000/13000/13000036_temp.jpg,group13000/13000_not/13000036.txt,mouse_bite;spur;spurious_copper;pin_hole
train,group20085_20085034,group20085,group20085/20085/20085034_test.jpg,group20085/20085/20085034_temp.jpg,group20085/20085_not/20085034.txt,short_circuit;mouse_bite;spur;spurious_copper;pin_hole
train,group20085_20085095,group20085,group20085/20085/20085095_test.jpg,group20085/20085/20085095_temp.jpg,group20085/20085_not/20085095.txt,open_circuit;short_circuit;mouse_bite;spur;spurious_copper;pin_hole
train,group77000_77000040,group77000,group77000/77000/77000040_test.jpg,group77000/77000/77000040_temp.jpg,group77000/77000_not/77000040.txt,open_circuit;mouse_bite;spur;spurious_copper;pin_hole
train,group00041_00041094,group00041,group00041/00041/00041094_test.jpg,group00041/00041/00041094_temp.jpg,group00041/00041_not/00041094.txt,open_circuit;short_circuit;mouse_bite;spur;spurious_copper;pin_hole
train,group77000_77000092,group77000,group77000/77000/77000092_test.jpg,group77000/77000/77000092_temp.jpg,group77000/77000_not/77000092.txt,short_circuit;mouse_bite;spurious_copper;pin_hole
train,group20085_20085204,group20085,group20085/20085/20085204_test.jpg,group20085/20085/20085204_temp.jpg,group20085/20085_not/20085204.txt,open_circuit;short_circuit;mouse_bite;spur;spurious_copper;pin_hole
train,group00041_00041137,group00041,group00041/00041/00041137_test.jpg,group00041/00041/00041137_temp.jpg,group00041/00041_not/00041137.txt,open_circuit;short_circuit;mouse_bite;spurious_copper;pin_hole
train,group13000_13000075,group13000,group13000/13000/13000075_test.jpg,group13000/13000/13000075_temp.jpg,group13000/13000_not/13000075.txt,open_circuit;mouse_bite;spur;spurious_copper;pin_hole
train,group44000_44000032,group44000,group44000/44000/44000032_test.jpg,group44000/44000/44000032_temp.jpg,group44000/44000_not/44000032.txt,open_circuit;short_circuit;mouse_bite;spur;spurious_copper;pin_hole
train,group20085_20085303,group20085,group20085/20085/20085303_test.jpg,group20085/20085/20085303_temp.jpg,group20085/20085_not/20085303.txt,open_circuit;short_circuit;mouse_bite;spurious_copper
train,group90100_90100049,group90100,group90100/90100/90100049_test.jpg,group90100/90100/90100049_temp.jpg,group90100/90100_not/90100049.txt,open_circuit;short_circuit;mouse_bite;spur;spurious_copper;pin_hole
train,group12100_12100196,group12100,group12100/12100/12100196_test.jpg,group12100/12100/12100196_temp.jpg,group12100/12100_not/12100196.txt,open_circuit;short_circuit;mouse_bite;spurious_copper
train,group44000_44000059,group44000,group44000/44000/44000059_test.jpg,group44000/44000/44000059_temp.jpg,group44000/44000_not/44000059.txt,open_circuit;short_circuit;mouse_bite;spur;spurious_copper;pin_hole
train,group44000_44000057,group44000,group44000/44000/44000057_test.jpg,group44000/44000/44000057_temp.jpg,group44000/44000_not/44000057.txt,open_circuit;short_circuit;mouse_bite;spur;spurious_copper;pin_hole
train,group20085_20085296,group20085,group20085/20085/20085296_test.jpg,group20085/20085/20085296_temp.jpg,group20085/20085_not/20085296.txt,open_circuit;short_circuit;mouse_bite;spur;spurious_copper;pin_hole
train,group77000_77000097,group77000,group77000/77000/77000097_test.jpg,group77000/77000/77000097_temp.jpg,group77000/77000_not/77000097.txt,open_circuit;short_circuit;spurious_copper;pin_hole
train,group00041_00041172,group00041,group00041/00041/00041172_test.jpg,group00041/00041/00041172_temp.jpg,group00041/00041_not/00041172.txt,open_circuit;short_circuit;spur;spurious_copper;pin_hole
train,group12300_12300244,group12300,group12300/12300/12300244_test.jpg,group12300/12300/12300244_temp.jpg,group12300/12300_not/12300244.txt,open_circuit;mouse_bite;spur;spurious_copper;pin_hole
train,group12100_12100171,group12100,group12100/12100/12100171_test.jpg,group12100/12100/12100171_temp.jpg,group12100/12100_not/12100171.txt,open_circuit;short_circuit;mouse_bite;spurious_copper;pin_hole
train,group00041_00041057,group00041,group00041/00041/00041057_test.jpg,group00041/00041/00041057_temp.jpg,group00041/00041_not/00041057.txt,open_circuit;short_circuit;mouse_bite;spur;spurious_copper;pin_hole
train,group77000_77000077,group77000,group77000/77000/77000077_test.jpg,group77000/77000/77000077_temp.jpg,group77000/77000_not/77000077.txt,mouse_bite;spurious_copper;pin_hole
train,group00041_00041036,group00041,group00041/00041/00041036_test.jpg,group00041/00041/00041036_temp.jpg,group00041/00041_not/00041036.txt,open_circuit;short_circuit;mouse_bite;spur;spurious_copper;pin_hole
train,group20085_20085100,group20085,group20085/20085/20085100_test.jpg,group20085/20085/20085100_temp.jpg,group20085/20085_not/20085100.txt,open_circuit;short_circuit;mouse_bite;spur;spurious_copper;pin_hole
train,group12300_12300060,group12300,group12300/12300/12300060_test.jpg,group12300/12300/12300060_temp.jpg,group12300/12300_not/12300060.txt,open_circuit;mouse_bite;spur;pin_hole
train,group44000_44000087,group44000,group44000/44000/44000087_test.jpg,group44000/44000/44000087_temp.jpg,group44000/44000_not/44000087.txt,open_circuit;short_circuit;mouse_bite;spur;spurious_copper;pin_hole
train,group20085_20085308,group20085,group20085/20085/20085308_test.jpg,group20085/20085/20085308_temp.jpg,group20085/20085_not/20085308.txt,open_circuit;short_circuit;spur;spurious_copper
train,group20085_20085297,group20085,group20085/20085/20085297_test.jpg,group20085/20085/20085297_temp.jpg,group20085/20085_not/20085297.txt,open_circuit;short_circuit;mouse_bite;spur
train,group13000_13000052,group13000,group13000/13000/13000052_test.jpg,group13000/13000/13000052_temp.jpg,group13000/13000_not/13000052.txt,open_circuit;mouse_bite;spur;pin_hole
train,group20085_20085221,group20085,group20085/20085/20085221_test.jpg,group20085/20085/20085221_temp.jpg,group20085/20085_not/20085221.txt,open_circuit;short_circuit;mouse_bite;spur;spurious_copper;pin_hole
train,group12100_12100017,group12100,group12100/12100/12100017_test.jpg,group12100/12100/12100017_temp.jpg,group12100/12100_not/12100017.txt,open_circuit;mouse_bite;spur;pin_hole
train,group13000_13000194,group13000,group13000/13000/13000194_test.jpg,group13000/13000/13000194_temp.jpg,group13000/13000_not/13000194.txt,open_circuit;mouse_bite;spur;spurious_copper;pin_hole
train,group92000_92000084,group92000,group92000/92000/92000084_test.jpg,group92000/92000/92000084_temp.jpg,group92000/92000_not/92000084.txt,open_circuit;short_circuit;mouse_bite;spur;pin_hole
train,group20085_20085132,group20085,group20085/20085/20085132_test.jpg,group20085/20085/20085132_temp.jpg,group20085/20085_not/20085132.txt,open_circuit;short_circuit;mouse_bite;spur;spurious_copper;pin_hole
train,group50600_50600022,group50600,group50600/50600/50600022_test.jpg,group50600/50600/50600022_temp.jpg,group50600/50600_not/50600022.txt,open_circuit;short_circuit;mouse_bite;spur;pin_hole
train,group20085_20085179,group20085,group20085/20085/20085179_test.jpg,group20085/20085/20085179_temp.jpg,group20085/20085_not/20085179.txt,open_circuit;mouse_bite;spur;spurious_copper;pin_hole
train,group20085_20085043,group20085,group20085/20085/20085043_test.jpg,group20085/20085/20085043_temp.jpg,group20085/20085_not/20085043.txt,open_circuit;short_circuit;spur;pin_hole
train,group77000_77000098,group77000,group77000/77000/77000098_test.jpg,group77000/77000/77000098_temp.jpg,group77000/77000_not/77000098.txt,open_circuit;short_circuit;mouse_bite;pin_hole
train,group13000_13000019,group13000,group13000/13000/13000019_test.jpg,group13000/13000/13000019_temp.jpg,group13000/13000_not/13000019.txt,open_circuit;short_circuit;mouse_bite;spur;spurious_copper;pin_hole
train,group20085_20085257,group20085,group20085/20085/20085257_test.jpg,group20085/20085/20085257_temp.jpg,group20085/20085_not/20085257.txt,short_circuit;mouse_bite;spur;spurious_copper;pin_hole
train,group13000_13000006,group13000,group13000/13000/13000006_test.jpg,group13000/13000/13000006_temp.jpg,group13000/13000_not/13000006.txt,short_circuit;mouse_bite;spur;spurious_copper;pin_hole
train,group13000_13000178,group13000,group13000/13000/13000178_test.jpg,group13000/13000/13000178_temp.jpg,group13000/13000_not/13000178.txt,open_circuit;mouse_bite;spur;spurious_copper
train,group20085_20085220,group20085,group20085/20085/20085220_test.jpg,group20085/20085/20085220_temp.jpg,group20085/20085_not/20085220.txt,open_circuit;short_circuit;mouse_bite;spurious_copper;pin_hole
train,group20085_20085071,group20085,group20085/20085/20085071_test.jpg,group20085/20085/20085071_temp.jpg,group20085/20085_not/20085071.txt,open_circuit;short_circuit;mouse_bite;spur;spurious_copper;pin_hole
train,group20085_20085119,group20085,group20085/20085/20085119_test.jpg,group20085/20085/20085119_temp.jpg,group20085/20085_not/20085119.txt,open_circuit;short_circuit;mouse_bite;spurious_copper;pin_hole
train,group77000_77000050,group77000,group77000/77000/77000050_test.jpg,group77000/77000/77000050_temp.jpg,group77000/77000_not/77000050.txt,open_circuit;short_circuit;mouse_bite;spurious_copper;pin_hole
train,group13000_13000176,group13000,group13000/13000/13000176_test.jpg,group13000/13000/13000176_temp.jpg,group13000/13000_not/13000176.txt,mouse_bite;spur;spurious_copper;pin_hole
train,group20085_20085190,group20085,group20085/20085/20085190_test.jpg,group20085/20085/20085190_temp.jpg,group20085/20085_not/20085190.txt,open_circuit;mouse_bite;spur;spurious_copper;pin_hole
train,group00041_00041044,group00041,group00041/00041/00041044_test.jpg,group00041/00041/00041044_temp.jpg,group00041/00041_not/00041044.txt,open_circuit;short_circuit;mouse_bite;spur;spurious_copper;pin_hole
train,group00041_00041106,group00041,group00041/00041/00041106_test.jpg,group00041/00041/00041106_temp.jpg,group00041/00041_not/00041106.txt,open_circuit;short_circuit;spur;spurious_copper;pin_hole
train,group20085_20085284,group20085,group20085/20085/20085284_test.jpg,group20085/20085/20085284_temp.jpg,group20085/20085_not/20085284.txt,open_circuit;short_circuit;mouse_bite;spur;spurious_copper;pin_hole
train,group13000_13000096,group13000,group13000/13000/13000096_test.jpg,group13000/13000/13000096_temp.jpg,group13000/13000_not/13000096.txt,open_circuit;mouse_bite;spur;spurious_copper;pin_hole
train,group92000_92000063,group92000,group92000/92000/92000063_test.jpg,group92000/92000/92000063_temp.jpg,group92000/92000_not/92000063.txt,open_circuit;short_circuit;mouse_bite;spurious_copper;pin_hole
train,group13000_13000015,group13000,group13000/13000/13000015_test.jpg,group13000/13000/13000015_temp.jpg,group13000/13000_not/13000015.txt,mouse_bite;spur;spurious_copper;pin_hole
train,group44000_44000069,group44000,group44000/44000/44000069_test.jpg,group44000/44000/44000069_temp.jpg,group44000/44000_not/44000069.txt,open_circuit;short_circuit;mouse_bite;spur;spurious_copper;pin_hole
train,group12300_12300232,group12300,group12300/12300/12300232_test.jpg,group12300/12300/12300232_temp.jpg,group12300/12300_not/12300232.txt,open_circuit;short_circuit;mouse_bite;spur;pin_hole
train,group77000_77000087,group77000,group77000/77000/77000087_test.jpg,group77000/77000/77000087_temp.jpg,group77000/77000_not/77000087.txt,open_circuit;short_circuit;mouse_bite;spur;spurious_copper
train,group13000_13000190,group13000,group13000/13000/13000190_test.jpg,group13000/13000/13000190_temp.jpg,group13000/13000_not/13000190.txt,mouse_bite;spur;spurious_copper;pin_hole
train,group92000_92000066,group92000,group92000/92000/92000066_test.jpg,group92000/92000/92000066_temp.jpg,group92000/92000_not/92000066.txt,open_circuit;short_circuit;mouse_bite;spur;pin_hole
train,group00041_00041158,group00041,group00041/00041/00041158_test.jpg,group00041/00041/00041158_temp.jpg,group00041/00041_not/00041158.txt,open_circuit;short_circuit;mouse_bite;spurious_copper;pin_hole
train,group90100_90100061,group90100,group90100/90100/90100061_test.jpg,group90100/90100/90100061_temp.jpg,group90100/90100_not/90100061.txt,open_circuit;mouse_bite;spurious_copper;pin_hole
train,group00041_00041049,group00041,group00041/00041/00041049_test.jpg,group00041/00041/00041049_temp.jpg,group00041/00041_not/00041049.txt,open_circuit;short_circuit;spur;pin_hole
train,group20085_20085151,group20085,group20085/20085/20085151_test.jpg,group20085/20085/20085151_temp.jpg,group20085/20085_not/20085151.txt,open_circuit;short_circuit;mouse_bite;spur;spurious_copper;pin_hole
train,group13000_13000207,group13000,group13000/13000/13000207_test.jpg,group13000/13000/13000207_temp.jpg,group13000/13000_not/13000207.txt,mouse_bite;spur;spurious_copper;pin_hole
train,group12300_12300129,group12300,group12300/12300/12300129_test.jpg,group12300/12300/12300129_temp.jpg,group12300/12300_not/12300129.txt,open_circuit;short_circuit;mouse_bite;spur;spurious_copper;pin_hole
train,group00041_00041112,group00041,group00041/00041/00041112_test.jpg,group00041/00041/00041112_temp.jpg,group00041/00041_not/00041112.txt,open_circuit;short_circuit;mouse_bite;spur;spurious_copper;pin_hole
train,group20085_20085023,group20085,group20085/20085/20085023_test.jpg,group20085/20085/20085023_temp.jpg,group20085/20085_not/20085023.txt,open_circuit;mouse_bite;spur;pin_hole
train,group20085_20085189,group20085,group20085/20085/20085189_test.jpg,group20085/20085/20085189_temp.jpg,group20085/20085_not/20085189.txt,open_circuit;short_circuit;mouse_bite;spur;spurious_copper;pin_hole
train,group92000_92000036,group92000,group92000/92000/92000036_test.jpg,group92000/92000/92000036_temp.jpg,group92000/92000_not/92000036.txt,open_circuit;mouse_bite;spurious_copper;pin_hole
train,group20085_20085047,group20085,group20085/20085/20085047_test.jpg,group20085/20085/20085047_temp.jpg,group20085/20085_not/20085047.txt,mouse_bite;spur;spurious_copper
train,group20085_20085288,group20085,group20085/20085/20085288_test.jpg,group20085/20085/20085288_temp.jpg,group20085/20085_not/20085288.txt,open_circuit;short_circuit;mouse_bite;spur;spurious_copper;pin_hole
train,group12300_12300110,group12300,group12300/12300/12300110_test.jpg,group12300/12300/12300110_temp.jpg,group12300/12300_not/12300110.txt,open_circuit;short_circuit;mouse_bite;spurious_copper;pin_hole
train,group50600_50600032,group50600,group50600/50600/50600032_test.jpg,group50600/50600/50600032_temp.jpg,group50600/50600_not/50600032.txt,open_circuit;short_circuit;mouse_bite;spur;spurious_copper;pin_hole
train,group20085_20085274,group20085,group20085/20085/20085274_test.jpg,group20085/20085/20085274_temp.jpg,group20085/20085_not/20085274.txt,open_circuit;short_circuit;mouse_bite;spur
train,group00041_00041011,group00041,group00041/00041/00041011_test.jpg,group00041/00041/00041011_temp.jpg,group00041/00041_not/00041011.txt,open_circuit;short_circuit;spur;spurious_copper
train,group20085_20085020,group20085,group20085/20085/20085020_test.jpg,group20085/20085/20085020_temp.jpg,group20085/20085_not/20085020.txt,open_circuit;short_circuit;mouse_bite;spur;spurious_copper;pin_hole
train,group20085_20085259,group20085,group20085/20085/20085259_test.jpg,group20085/20085/20085259_temp.jpg,group20085/20085_not/20085259.txt,open_circuit;short_circuit;mouse_bite;spur;pin_hole
train,group12300_12300243,group12300,group12300/12300/12300243_test.jpg,group12300/12300/12300243_temp.jpg,group12300/12300_not/12300243.txt,open_circuit;short_circuit;spur;pin_hole
train,group12300_12300128,group12300,group12300/12300/12300128_test.jpg,group12300/12300/12300128_temp.jpg,group12300/12300_not/12300128.txt,open_circuit;short_circuit;mouse_bite;spurious_copper;pin_hole
train,group13000_13000112,group13000,group13000/13000/13000112_test.jpg,group13000/13000/13000112_temp.jpg,group13000/13000_not/13000112.txt,mouse_bite;spurious_copper;pin_hole
train,group90100_90100040,group90100,group90100/90100/90100040_test.jpg,group90100/90100/90100040_temp.jpg,group90100/90100_not/90100040.txt,open_circuit;mouse_bite;spurious_copper;pin_hole
train,group12300_12300122,group12300,group12300/12300/12300122_test.jpg,group12300/12300/12300122_temp.jpg,group12300/12300_not/12300122.txt,open_circuit;mouse_bite;spur;spurious_copper;pin_hole
train,group20085_20085177,group20085,group20085/20085/20085177_test.jpg,group20085/20085/20085177_temp.jpg,group20085/20085_not/20085177.txt,mouse_bite;spur;spurious_copper;pin_hole
train,group20085_20085044,group20085,group20085/20085/20085044_test.jpg,group20085/20085/20085044_temp.jpg,group20085/20085_not/20085044.txt,open_circuit;short_circuit;mouse_bite;spur;spurious_copper;pin_hole
train,group20085_20085253,group20085,group20085/20085/20085253_test.jpg,group20085/20085/20085253_temp.jpg,group20085/20085_not/20085253.txt,open_circuit;short_circuit;mouse_bite;spur;spurious_copper;pin_hole
train,group13000_13000174,group13000,group13000/13000/13000174_test.jpg,group13000/13000/13000174_temp.jpg,group13000/13000_not/13000174.txt,open_circuit;short_circuit;mouse_bite;spur;spurious_copper;pin_hole
train,group00041_00041128,group00041,group00041/00041/00041128_test.jpg,group00041/00041/00041128_temp.jpg,group00041/00041_not/00041128.txt,open_circuit;short_circuit;mouse_bite;spur;spurious_copper;pin_hole
train,group13000_13000211,group13000,group13000/13000/13000211_test.jpg,group13000/13000/13000211_temp.jpg,group13000/13000_not/13000211.txt,open_circuit;mouse_bite;spur;spurious_copper;pin_hole
train,group44000_44000091,group44000,group44000/44000/44000091_test.jpg,group44000/44000/44000091_temp.jpg,group44000/44000_not/44000091.txt,open_circuit;short_circuit;mouse_bite;spur;spurious_copper;pin_hole
train,group12300_12300073,group12300,group12300/12300/12300073_test.jpg,group12300/12300/12300073_temp.jpg,group12300/12300_not/12300073.txt,open_circuit;short_circuit;spur;spurious_copper;pin_hole
train,group92000_92000020,group92000,group92000/92000/92000020_test.jpg,group92000/92000/92000020_temp.jpg,group92000/92000_not/92000020.txt,open_circuit;short_circuit;spur
train,group00041_00041037,group00041,group00041/00041/00041037_test.jpg,group00041/00041/00041037_temp.jpg,group00041/00041_not/00041037.txt,open_circuit;short_circuit;mouse_bite;spur;pin_hole
train,group00041_00041080,group00041,group00041/00041/00041080_test.jpg,group00041/00041/00041080_temp.jpg,group00041/00041_not/00041080.txt,open_circuit;short_circuit;spur;spurious_copper;pin_hole
train,group20085_20085144,group20085,group20085/20085/20085144_test.jpg,group20085/20085/20085144_temp.jpg,group20085/20085_not/20085144.txt,open_circuit;short_circuit;mouse_bite;spur;pin_hole
train,group12100_12100192,group12100,group12100/12100/12100192_test.jpg,group12100/12100/12100192_temp.jpg,group12100/12100_not/12100192.txt,open_circuit;short_circuit;mouse_bite;spurious_copper;pin_hole
train,group12100_12100003,group12100,group12100/12100/12100003_test.jpg,group12100/12100/12100003_temp.jpg,group12100/12100_not/12100003.txt,open_circuit;short_circuit;mouse_bite;spurious_copper;pin_hole
train,group77000_77000016,group77000,group77000/77000/77000016_test.jpg,group77000/77000/77000016_temp.jpg,group77000/77000_not/77000016.txt,open_circuit;short_circuit;mouse_bite;spur;spurious_copper;pin_hole
train,group50600_50600025,group50600,group50600/50600/50600025_test.jpg,group50600/50600/50600025_temp.jpg,group50600/50600_not/50600025.txt,open_circuit;short_circuit;spur;spurious_copper;pin_hole
train,group12100_12100000,group12100,group12100/12100/12100000_test.jpg,group12100/12100/12100000_temp.jpg,group12100/12100_not/12100000.txt,open_circuit;mouse_bite;spur;spurious_copper;pin_hole
train,group50600_50600064,group50600,group50600/50600/50600064_test.jpg,group50600/50600/50600064_temp.jpg,group50600/50600_not/50600064.txt,open_circuit;short_circuit;mouse_bite;spur
train,group20085_20085317,group20085,group20085/20085/20085317_test.jpg,group20085/20085/20085317_temp.jpg,group20085/20085_not/20085317.txt,open_circuit;short_circuit;mouse_bite;spurious_copper;pin_hole
train,group92000_92000007,group92000,group92000/92000/92000007_test.jpg,group92000/92000/92000007_temp.jpg,group92000/92000_not/92000007.txt,open_circuit;short_circuit;mouse_bite;spurious_copper;pin_hole
train,group20085_20085096,group20085,group20085/20085/20085096_test.jpg,group20085/20085/20085096_temp.jpg,group20085/20085_not/20085096.txt,open_circuit;mouse_bite;spur;spurious_copper;pin_hole
train,group13000_13000085,group13000,group13000/13000/13000085_test.jpg,group13000/13000/13000085_temp.jpg,group13000/13000_not/13000085.txt,open_circuit;short_circuit;mouse_bite;spur;spurious_copper;pin_hole
train,group20085_20085064,group20085,group20085/20085/20085064_test.jpg,group20085/20085/20085064_temp.jpg,group20085/20085_not/20085064.txt,open_circuit;short_circuit;spurious_copper;pin_hole
train,group50600_50600045,group50600,group50600/50600/50600045_test.jpg,group50600/50600/50600045_temp.jpg,group50600/50600_not/50600045.txt,open_circuit;mouse_bite;spurious_copper;pin_hole
train,group77000_77000038,group77000,group77000/77000/77000038_test.jpg,group77000/77000/77000038_temp.jpg,group77000/77000_not/77000038.txt,open_circuit;short_circuit;spur;spurious_copper;pin_hole
train,group50600_50600027,group50600,group50600/50600/50600027_test.jpg,group50600/50600/50600027_temp.jpg,group50600/50600_not/50600027.txt,open_circuit;short_circuit;mouse_bite;spurious_copper;pin_hole
train,group00041_00041089,group00041,group00041/00041/00041089_test.jpg,group00041/00041/00041089_temp.jpg,group00041/00041_not/00041089.txt,open_circuit;short_circuit;mouse_bite;spur;spurious_copper;pin_hole
train,group90100_90100074,group90100,group90100/90100/90100074_test.jpg,group90100/90100/90100074_temp.jpg,group90100/90100_not/90100074.txt,open_circuit;short_circuit;mouse_bite;spur;pin_hole
train,group00041_00041092,group00041,group00041/00041/00041092_test.jpg,group00041/00041/00041092_temp.jpg,group00041/00041_not/00041092.txt,open_circuit;short_circuit;mouse_bite;spur;spurious_copper;pin_hole
train,group13000_13000081,group13000,group13000/13000/13000081_test.jpg,group13000/13000/13000081_temp.jpg,group13000/13000_not/13000081.txt,open_circuit;mouse_bite;spur;spurious_copper;pin_hole
train,group50600_50600068,group50600,group50600/50600/50600068_test.jpg,group50600/50600/50600068_temp.jpg,group50600/50600_not/50600068.txt,open_circuit;short_circuit;spur;spurious_copper;pin_hole
train,group50600_50600034,group50600,group50600/50600/50600034_test.jpg,group50600/50600/50600034_temp.jpg,group50600/50600_not/50600034.txt,open_circuit;mouse_bite;spurious_copper;pin_hole
train,group00041_00041125,group00041,group00041/00041/00041125_test.jpg,group00041/00041/00041125_temp.jpg,group00041/00041_not/00041125.txt,open_circuit;short_circuit;mouse_bite;spur;spurious_copper;pin_hole
train,group13000_13000181,group13000,group13000/13000/13000181_test.jpg,group13000/13000/13000181_temp.jpg,group13000/13000_not/13000181.txt,open_circuit;mouse_bite;spur;spurious_copper;pin_hole
train,group00041_00041220,group00041,group00041/00041/00041220_test.jpg,group00041/00041/00041220_temp.jpg,group00041/00041_not/00041220.txt,open_circuit;short_circuit;mouse_bite;spur;pin_hole
train,group90100_90100020,group90100,group90100/90100/90100020_test.jpg,group90100/90100/90100020_temp.jpg,group90100/90100_not/90100020.txt,open_circuit;short_circuit;mouse_bite;spurious_copper;pin_hole
train,group13000_13000149,group13000,group13000/13000/13000149_test.jpg,group13000/13000/13000149_temp.jpg,group13000/13000_not/13000149.txt,mouse_bite;spurious_copper;pin_hole
train,group20085_20085280,group20085,group20085/20085/20085280_test.jpg,group20085/20085/20085280_temp.jpg,group20085/20085_not/20085280.txt,open_circuit;short_circuit;mouse_bite;spurious_copper
train,group00041_00041028,group00041,group00041/00041/00041028_test.jpg,group00041/00041/00041028_temp.jpg,group00041/00041_not/00041028.txt,open_circuit;short_circuit;mouse_bite;spur;spurious_copper;pin_hole
train,group00041_00041166,group00041,group00041/00041/00041166_test.jpg,group00041/00041/00041166_temp.jpg,group00041/00041_not/00041166.txt,open_circuit;short_circuit;mouse_bite;spurious_copper
train,group90100_90100054,group90100,group90100/90100/90100054_test.jpg,group90100/90100/90100054_temp.jpg,group90100/90100_not/90100054.txt,open_circuit;short_circuit;spur;spurious_copper;pin_hole
train,group20085_20085216,group20085,group20085/20085/20085216_test.jpg,group20085/20085/20085216_temp.jpg,group20085/20085_not/20085216.txt,mouse_bite;spur
train,group00041_00041153,group00041,group00041/00041/00041153_test.jpg,group00041/00041/00041153_temp.jpg,group00041/00041_not/00041153.txt,open_circuit;mouse_bite;spur;spurious_copper;pin_hole
train,group20085_20085136,group20085,group20085/20085/20085136_test.jpg,group20085/20085/20085136_temp.jpg,group20085/20085_not/20085136.txt,open_circuit;short_circuit;mouse_bite;spurious_copper;pin_hole
train,group12000_12000102,group12000,group12000/12000/12000102_test.jpg,group12000/12000/12000102_temp.jpg,group12000/12000_not/12000102.txt,open_circuit;short_circuit;mouse_bite;spur;spurious_copper;pin_hole
train,group92000_92000119,group92000,group92000/92000/92000119_test.jpg,group92000/92000/92000119_temp.jpg,group92000/92000_not/92000119.txt,open_circuit;short_circuit;spur;spurious_copper;pin_hole
train,group20085_20085228,group20085,group20085/20085/20085228_test.jpg,group20085/20085/20085228_temp.jpg,group20085/20085_not/20085228.txt,open_circuit;short_circuit;mouse_bite;spur;spurious_copper;pin_hole
train,group44000_44000081,group44000,group44000/44000/44000081_test.jpg,group44000/44000/44000081_temp.jpg,group44000/44000_not/44000081.txt,open_circuit;short_circuit;mouse_bite;spur;spurious_copper;pin_hole
train,group44000_44000045,group44000,group44000/44000/44000045_test.jpg,group44000/44000/44000045_temp.jpg,group44000/44000_not/44000045.txt,open_circuit;short_circuit;mouse_bite;spur;spurious_copper;pin_hole
train,group13000_13000143,group13000,group13000/13000/13000143_test.jpg,group13000/13000/13000143_temp.jpg,group13000/13000_not/13000143.txt,mouse_bite;spur;spurious_copper;pin_hole
train,group13000_13000125,group13000,group13000/13000/13000125_test.jpg,group13000/13000/13000125_temp.jpg,group13000/13000_not/13000125.txt,mouse_bite;spur;spurious_copper;pin_hole
train,group12300_12300231,group12300,group12300/12300/12300231_test.jpg,group12300/12300/12300231_temp.jpg,group12300/12300_not/12300231.txt,open_circuit;short_circuit;mouse_bite;spurious_copper;pin_hole
train,group13000_13000166,group13000,group13000/13000/13000166_test.jpg,group13000/13000/13000166_temp.jpg,group13000/13000_not/13000166.txt,mouse_bite;pin_hole
train,group77000_77000019,group77000,group77000/77000/77000019_test.jpg,group77000/77000/77000019_temp.jpg,group77000/77000_not/77000019.txt,open_circuit;short_circuit;mouse_bite;spur;spurious_copper;pin_hole
train,group20085_20085324,group20085,group20085/20085/20085324_test.jpg,group20085/20085/20085324_temp.jpg,group20085/20085_not/20085324.txt,open_circuit;spur;spurious_copper
train,group92000_92000032,group92000,group92000/92000/92000032_test.jpg,group92000/92000/92000032_temp.jpg,group92000/92000_not/92000032.txt,open_circuit;mouse_bite;spurious_copper;pin_hole
train,group90100_90100013,group90100,group90100/90100/90100013_test.jpg,group90100/90100/90100013_temp.jpg,group90100/90100_not/90100013.txt,open_circuit;short_circuit;mouse_bite;spur;spurious_copper;pin_hole
train,group13000_13000133,group13000,group13000/13000/13000133_test.jpg,group13000/13000/13000133_temp.jpg,group13000/13000_not/13000133.txt,mouse_bite;spur;pin_hole
train,group92000_92000023,group92000,group92000/92000/92000023_test.jpg,group92000/92000/92000023_temp.jpg,group92000/92000_not/92000023.txt,short_circuit;mouse_bite;spur;spurious_copper;pin_hole
train,group20085_20085026,group20085,group20085/20085/20085026_test.jpg,group20085/20085/20085026_temp.jpg,group20085/20085_not/20085026.txt,open_circuit;short_circuit;mouse_bite;spur;spurious_copper;pin_hole
train,group12100_12100198,group12100,group12100/12100/12100198_test.jpg,group12100/12100/12100198_temp.jpg,group12100/12100_not/12100198.txt,open_circuit;short_circuit;spur;spurious_copper;pin_hole
train,group00041_00041194,group00041,group00041/00041/00041194_test.jpg,group00041/00041/00041194_temp.jpg,group00041/00041_not/00041194.txt,open_circuit;mouse_bite;spurious_copper
train,group12100_12100038,group12100,group12100/12100/12100038_test.jpg,group12100/12100/12100038_temp.jpg,group12100/12100_not/12100038.txt,open_circuit;short_circuit;mouse_bite;spur;spurious_copper;pin_hole
train,group20085_20085316,group20085,group20085/20085/20085316_test.jpg,group20085/20085/20085316_temp.jpg,group20085/20085_not/20085316.txt,open_circuit;short_circuit;spur;pin_hole
train,group77000_77000047,group77000,group77000/77000/77000047_test.jpg,group77000/77000/77000047_temp.jpg,group77000/77000_not/77000047.txt,open_circuit;short_circuit;spurious_copper;pin_hole
train,group13000_13000045,group13000,group13000/13000/13000045_test.jpg,group13000/13000/13000045_temp.jpg,group13000/13000_not/13000045.txt,open_circuit;short_circuit;spur;spurious_copper;pin_hole
train,group20085_20085060,group20085,group20085/20085/20085060_test.jpg,group20085/20085/20085060_temp.jpg,group20085/20085_not/20085060.txt,open_circuit;short_circuit;spurious_copper
train,group20085_20085056,group20085,group20085/20085/20085056_test.jpg,group20085/20085/20085056_temp.jpg,group20085/20085_not/20085056.txt,open_circuit;short_circuit;spur;spurious_copper
train,group20085_20085062,group20085,group20085/20085/20085062_test.jpg,group20085/20085/20085062_temp.jpg,group20085/20085_not/20085062.txt,open_circuit;short_circuit;mouse_bite;spur;spurious_copper;pin_hole
train,group77000_77000023,group77000,group77000/77000/77000023_test.jpg,group77000/77000/77000023_temp.jpg,group77000/77000_not/77000023.txt,short_circuit;mouse_bite;spur
train,group92000_92000015,group92000,group92000/92000/92000015_test.jpg,group92000/92000/92000015_temp.jpg,group92000/92000_not/92000015.txt,open_circuit;short_circuit;spurious_copper;pin_hole
train,group20085_20085193,group20085,group20085/20085/20085193_test.jpg,group20085/20085/20085193_temp.jpg,group20085/20085_not/20085193.txt,open_circuit;short_circuit;mouse_bite;spur;spurious_copper;pin_hole
train,group00041_00041038,group00041,group00041/00041/00041038_test.jpg,group00041/00041/00041038_temp.jpg,group00041/00041_not/00041038.txt,open_circuit;mouse_bite;spur;spurious_copper;pin_hole
train,group20085_20085196,group20085,group20085/20085/20085196_test.jpg,group20085/20085/20085196_temp.jpg,group20085/20085_not/20085196.txt,open_circuit;short_circuit;mouse_bite;spurious_copper;pin_hole
train,group20085_20085113,group20085,group20085/20085/20085113_test.jpg,group20085/20085/20085113_temp.jpg,group20085/20085_not/20085113.txt,open_circuit;short_circuit;spur;spurious_copper;pin_hole
train,group92000_92000078,group92000,group92000/92000/92000078_test.jpg,group92000/92000/92000078_temp.jpg,group92000/92000_not/92000078.txt,open_circuit;short_circuit;mouse_bite;spur;pin_hole
train,group50600_50600052,group50600,group50600/50600/50600052_test.jpg,group50600/50600/50600052_temp.jpg,group50600/50600_not/50600052.txt,open_circuit;short_circuit;mouse_bite;spurious_copper;pin_hole
train,group92000_92000103,group92000,group92000/92000/92000103_test.jpg,group92000/92000/92000103_temp.jpg,group92000/92000_not/92000103.txt,open_circuit;short_circuit;spur
train,group20085_20085002,group20085,group20085/20085/20085002_test.jpg,group20085/20085/20085002_temp.jpg,group20085/20085_not/20085002.txt,mouse_bite;spur;spurious_copper;pin_hole
train,group12100_12100034,group12100,group12100/12100/12100034_test.jpg,group12100/12100/12100034_temp.jpg,group12100/12100_not/12100034.txt,open_circuit;short_circuit;mouse_bite;spurious_copper;pin_hole
train,group12100_12100184,group12100,group12100/12100/12100184_test.jpg,group12100/12100/12100184_temp.jpg,group12100/12100_not/12100184.txt,open_circuit;short_circuit;mouse_bite;spur;spurious_copper;pin_hole
train,group20085_20085147,group20085,group20085/20085/20085147_test.jpg,group20085/20085/20085147_temp.jpg,group20085/20085_not/20085147.txt,open_circuit;short_circuit;mouse_bite;spur;spurious_copper;pin_hole
train,group20085_20085116,group20085,group20085/20085/20085116_test.jpg,group20085/20085/20085116_temp.jpg,group20085/20085_not/20085116.txt,open_circuit;short_circuit;mouse_bite;spur
train,group20085_20085275,group20085,group20085/20085/20085275_test.jpg,group20085/20085/20085275_temp.jpg,group20085/20085_not/20085275.txt,short_circuit;mouse_bite;spur;spurious_copper;pin_hole
train,group12100_12100122,group12100,group12100/12100/12100122_test.jpg,group12100/12100/12100122_temp.jpg,group12100/12100_not/12100122.txt,open_circuit;short_circuit;mouse_bite;spur;pin_hole
train,group13000_13000170,group13000,group13000/13000/13000170_test.jpg,group13000/13000/13000170_temp.jpg,group13000/13000_not/13000170.txt,mouse_bite;spur;spurious_copper;pin_hole
train,group77000_77000075,group77000,group77000/77000/77000075_test.jpg,group77000/77000/77000075_temp.jpg,group77000/77000_not/77000075.txt,open_circuit;short_circuit;mouse_bite;spur;pin_hole
train,group13000_13000160,group13000,group13000/13000/13000160_test.jpg,group13000/13000/13000160_temp.jpg,group13000/13000_not/13000160.txt,open_circuit;mouse_bite;spur;spurious_copper;pin_hole
train,group13000_13000038,group13000,group13000/13000/13000038_test.jpg,group13000/13000/13000038_temp.jpg,group13000/13000_not/13000038.txt,open_circuit;short_circuit;mouse_bite;spur;spurious_copper;pin_hole
train,group20085_20085055,group20085,group20085/20085/20085055_test.jpg,group20085/20085/20085055_temp.jpg,group20085/20085_not/20085055.txt,open_circuit;short_circuit;mouse_bite;spur
train,group92000_92000044,group92000,group92000/92000/92000044_test.jpg,group92000/92000/92000044_temp.jpg,group92000/92000_not/92000044.txt,open_circuit;short_circuit;mouse_bite;spur;spurious_copper;pin_hole
train,group20085_20085031,group20085,group20085/20085/20085031_test.jpg,group20085/20085/20085031_temp.jpg,group20085/20085_not/20085031.txt,open_circuit;short_circuit;mouse_bite;spurious_copper;pin_hole
train,group92000_92000018,group92000,group92000/92000/92000018_test.jpg,group92000/92000/92000018_temp.jpg,group92000/92000_not/92000018.txt,open_circuit;short_circuit;mouse_bite;spur;pin_hole
train,group90100_90100022,group90100,group90100/90100/90100022_test.jpg,group90100/90100/90100022_temp.jpg,group90100/90100_not/90100022.txt,open_circuit;mouse_bite;spur;spurious_copper;pin_hole
train,group77000_77000015,group77000,group77000/77000/77000015_test.jpg,group77000/77000/77000015_temp.jpg,group77000/77000_not/77000015.txt,open_circuit;mouse_bite;spur;spurious_copper;pin_hole
train,group12100_12100007,group12100,group12100/12100/12100007_test.jpg,group12100/12100/12100007_temp.jpg,group12100/12100_not/12100007.txt,open_circuit;short_circuit;mouse_bite;spur;spurious_copper;pin_hole
train,group20085_20085215,group20085,group20085/20085/20085215_test.jpg,group20085/20085/20085215_temp.jpg,group20085/20085_not/20085215.txt,open_circuit;short_circuit;mouse_bite;spur;spurious_copper;pin_hole
train,group00041_00041022,group00041,group00041/00041/00041022_test.jpg,group00041/00041/00041022_temp.jpg,group00041/00041_not/00041022.txt,open_circuit;short_circuit;mouse_bite;spurious_copper;pin_hole
train,group92000_92000093,group92000,group92000/92000/92000093_test.jpg,group92000/92000/92000093_temp.jpg,group92000/92000_not/92000093.txt,open_circuit;short_circuit;spur;pin_hole
train,group77000_77000004,group77000,group77000/77000/77000004_test.jpg,group77000/77000/77000004_temp.jpg,group77000/77000_not/77000004.txt,open_circuit;short_circuit;mouse_bite;spurious_copper;pin_hole
train,group12300_12300130,group12300,group12300/12300/12300130_test.jpg,group12300/12300/12300130_temp.jpg,group12300/12300_not/12300130.txt,open_circuit;short_circuit;spur;spurious_copper;pin_hole
train,group77000_77000072,group77000,group77000/77000/77000072_test.jpg,group77000/77000/77000072_temp.jpg,group77000/77000_not/77000072.txt,spur;spurious_copper;pin_hole
train,group44000_44000036,group44000,group44000/44000/44000036_test.jpg,group44000/44000/44000036_temp.jpg,group44000/44000_not/44000036.txt,open_circuit;short_circuit;mouse_bite;spur;spurious_copper;pin_hole
train,group12300_12300228,group12300,group12300/12300/12300228_test.jpg,group12300/12300/12300228_temp.jpg,group12300/12300_not/12300228.txt,open_circuit;short_circuit;mouse_bite;spur;pin_hole
train,group20085_20085016,group20085,group20085/20085/20085016_test.jpg,group20085/20085/20085016_temp.jpg,group20085/20085_not/20085016.txt,open_circuit;short_circuit;mouse_bite;spur;spurious_copper;pin_hole
train,group50600_50600069,group50600,group50600/50600/50600069_test.jpg,group50600/50600/50600069_temp.jpg,group50600/50600_not/50600069.txt,open_circuit;mouse_bite;spur;pin_hole
train,group20085_20085178,group20085,group20085/20085/20085178_test.jpg,group20085/20085/20085178_temp.jpg,group20085/20085_not/20085178.txt,open_circuit;short_circuit;mouse_bite;spur;spurious_copper;pin_hole
train,group77000_77000058,group77000,group77000/77000/77000058_test.jpg,group77000/77000/77000058_temp.jpg,group77000/77000_not/77000058.txt,open_circuit;short_circuit;spur;spurious_copper
train,group90100_90100086,group90100,group90100/90100/90100086_test.jpg,group90100/90100/90100086_temp.jpg,group90100/90100_not/90100086.txt,mouse_bite;spur;spurious_copper;pin_hole
train,group12300_12300069,group12300,group12300/12300/12300069_test.jpg,group12300/12300/12300069_temp.jpg,group12300/12300_not/12300069.txt,short_circuit;mouse_bite;spur;spurious_copper;pin_hole
train,group12300_12300132,group12300,group12300/12300/12300132_test.jpg,group12300/12300/12300132_temp.jpg,group12300/12300_not/12300132.txt,open_circuit;short_circuit;spur;spurious_copper;pin_hole
train,group00041_00041170,group00041,group00041/00041/00041170_test.jpg,group00041/00041/00041170_temp.jpg,group00041/00041_not/00041170.txt,open_circuit;short_circuit;mouse_bite;spur;spurious_copper;pin_hole
train,group00041_00041176,group00041,group00041/00041/00041176_test.jpg,group00041/00041/00041176_temp.jpg,group00041/00041_not/00041176.txt,open_circuit;short_circuit;mouse_bite;spur;spurious_copper;pin_hole
train,group12300_12300137,group12300,group12300/12300/12300137_test.jpg,group12300/12300/12300137_temp.jpg,group12300/12300_not/12300137.txt,open_circuit;short_circuit;mouse_bite;spurious_copper;pin_hole
train,group13000_13000046,group13000,group13000/13000/13000046_test.jpg,group13000/13000/13000046_temp.jpg,group13000/13000_not/13000046.txt,open_circuit;short_circuit;mouse_bite;spur;spurious_copper;pin_hole
train,group90100_90100048,group90100,group90100/90100/90100048_test.jpg,group90100/90100/90100048_temp.jpg,group90100/90100_not/90100048.txt,open_circuit;mouse_bite;spur;spurious_copper;pin_hole
train,group20085_20085240,group20085,group20085/20085/20085240_test.jpg,group20085/20085/20085240_temp.jpg,group20085/20085_not/20085240.txt,open_circuit;short_circuit;mouse_bite;spur;spurious_copper;pin_hole
train,group20085_20085277,group20085,group20085/20085/20085277_test.jpg,group20085/20085/20085277_temp.jpg,group20085/20085_not/20085277.txt,open_circuit;short_circuit;mouse_bite;spur;spurious_copper;pin_hole
train,group77000_77000018,group77000,group77000/77000/77000018_test.jpg,group77000/77000/77000018_temp.jpg,group77000/77000_not/77000018.txt,short_circuit;mouse_bite;spur;spurious_copper;pin_hole
train,group12100_12100061,group12100,group12100/12100/12100061_test.jpg,group12100/12100/12100061_temp.jpg,group12100/12100_not/12100061.txt,open_circuit;mouse_bite;spurious_copper;pin_hole
train,group12100_12100065,group12100,group12100/12100/12100065_test.jpg,group12100/12100/12100065_temp.jpg,group12100/12100_not/12100065.txt,open_circuit;short_circuit;mouse_bite;spurious_copper;pin_hole
train,group20085_20085049,group20085,group20085/20085/20085049_test.jpg,group20085/20085/20085049_temp.jpg,group20085/20085_not/20085049.txt,open_circuit;short_circuit;mouse_bite;spurious_copper;pin_hole
train,group12100_12100191,group12100,group12100/12100/12100191_test.jpg,group12100/12100/12100191_temp.jpg,group12100/12100_not/12100191.txt,open_circuit;mouse_bite;spur;spurious_copper;pin_hole
train,group00041_00041144,group00041,group00041/00041/00041144_test.jpg,group00041/00041/00041144_temp.jpg,group00041/00041_not/00041144.txt,open_circuit;short_circuit;spur;spurious_copper;pin_hole
train,group90100_90100021,group90100,group90100/90100/90100021_test.jpg,group90100/90100/90100021_temp.jpg,group90100/90100_not/90100021.txt,open_circuit;short_circuit;mouse_bite;spur;spurious_copper;pin_hole
train,group20085_20085111,group20085,group20085/20085/20085111_test.jpg,group20085/20085/20085111_temp.jpg,group20085/20085_not/20085111.txt,open_circuit;short_circuit;mouse_bite;spur;spurious_copper;pin_hole
train,group12100_12100024,group12100,group12100/12100/12100024_test.jpg,group12100/12100/12100024_temp.jpg,group12100/12100_not/12100024.txt,open_circuit;mouse_bite;spur;spurious_copper;pin_hole
train,group20085_20085127,group20085,group20085/20085/20085127_test.jpg,group20085/20085/20085127_temp.jpg,group20085/20085_not/20085127.txt,open_circuit;short_circuit;spurious_copper;pin_hole
train,group00041_00041174,group00041,group00041/00041/00041174_test.jpg,group00041/00041/00041174_temp.jpg,group00041/00041_not/00041174.txt,open_circuit;short_circuit;mouse_bite;spur;pin_hole
train,group20085_20085154,group20085,group20085/20085/20085154_test.jpg,group20085/20085/20085154_temp.jpg,group20085/20085_not/20085154.txt,open_circuit;short_circuit;mouse_bite;spur
train,group12300_12300113,group12300,group12300/12300/12300113_test.jpg,group12300/12300/12300113_temp.jpg,group12300/12300_not/12300113.txt,open_circuit;short_circuit;mouse_bite;spurious_copper;pin_hole
train,group20085_20085160,group20085,group20085/20085/20085160_test.jpg,group20085/20085/20085160_temp.jpg,group20085/20085_not/20085160.txt,open_circuit;mouse_bite;spurious_copper;pin_hole
train,group20085_20085213,group20085,group20085/20085/20085213_test.jpg,group20085/20085/20085213_temp.jpg,group20085/20085_not/20085213.txt,open_circuit;short_circuit;mouse_bite;spur;pin_hole
train,group00041_00041035,group00041,group00041/00041/00041035_test.jpg,group00041/00041/00041035_temp.jpg,group00041/00041_not/00041035.txt,open_circuit;mouse_bite;spur;spurious_copper;pin_hole
train,group00041_00041069,group00041,group00041/00041/00041069_test.jpg,group00041/00041/00041069_temp.jpg,group00041/00041_not/00041069.txt,open_circuit;mouse_bite;spur;spurious_copper;pin_hole
train,group12300_12300061,group12300,group12300/12300/12300061_test.jpg,group12300/12300/12300061_temp.jpg,group12300/12300_not/12300061.txt,open_circuit;mouse_bite;spur;pin_hole
train,group92000_92000014,group92000,group92000/92000/92000014_test.jpg,group92000/92000/92000014_temp.jpg,group92000/92000_not/92000014.txt,open_circuit;short_circuit;mouse_bite;spur
train,group12100_12100126,group12100,group12100/12100/12100126_test.jpg,group12100/12100/12100126_temp.jpg,group12100/12100_not/12100126.txt,open_circuit;short_circuit;mouse_bite;spur;pin_hole
train,group00041_00041097,group00041,group00041/00041/00041097_test.jpg,group00041/00041/00041097_temp.jpg,group00041/00041_not/00041097.txt,open_circuit;short_circuit;mouse_bite;spurious_copper;pin_hole
train,group20085_20085200,group20085,group20085/20085/20085200_test.jpg,group20085/20085/20085200_temp.jpg,group20085/20085_not/20085200.txt,open_circuit;short_circuit;mouse_bite;spurious_copper;pin_hole
train,group20085_20085272,group20085,group20085/20085/20085272_test.jpg,group20085/20085/20085272_temp.jpg,group20085/20085_not/20085272.txt,open_circuit;short_circuit;mouse_bite;spur;spurious_copper
train,group20085_20085036,group20085,group20085/20085/20085036_test.jpg,group20085/20085/20085036_temp.jpg,group20085/20085_not/20085036.txt,open_circuit;short_circuit;spur;spurious_copper;pin_hole
train,group12000_12000204,group12000,group12000/12000/12000204_test.jpg,group12000/12000/12000204_temp.jpg,group12000/12000_not/12000204.txt,open_circuit;short_circuit;mouse_bite;spur;pin_hole
train,group20085_20085237,group20085,group20085/20085/20085237_test.jpg,group20085/20085/20085237_temp.jpg,group20085/20085_not/20085237.txt,open_circuit;short_circuit;mouse_bite;spur;spurious_copper;pin_hole
train,group12100_12100006,group12100,group12100/12100/12100006_test.jpg,group12100/12100/12100006_temp.jpg,group12100/12100_not/12100006.txt,open_circuit;mouse_bite;spur;spurious_copper;pin_hole
train,group44000_44000082,group44000,group44000/44000/44000082_test.jpg,group44000/44000/44000082_temp.jpg,group44000/44000_not/44000082.txt,open_circuit;short_circuit;mouse_bite;spur;spurious_copper;pin_hole
train,group12300_12300136,group12300,group12300/12300/12300136_test.jpg,group12300/12300/12300136_temp.jpg,group12300/12300_not/12300136.txt,open_circuit;short_circuit;mouse_bite;spurious_copper;pin_hole
train,group13000_13000099,group13000,group13000/13000/13000099_test.jpg,group13000/13000/13000099_temp.jpg,group13000/13000_not/13000099.txt,open_circuit;mouse_bite;spur;spurious_copper;pin_hole
train,group77000_77000003,group77000,group77000/77000/77000003_test.jpg,group77000/77000/77000003_temp.jpg,group77000/77000_not/77000003.txt,short_circuit;mouse_bite;spur;spurious_copper;pin_hole
train,group12100_12100181,group12100,group12100/12100/12100181_test.jpg,group12100/12100/12100181_temp.jpg,group12100/12100_not/12100181.txt,open_circuit;mouse_bite;spur;spurious_copper;pin_hole
train,group44000_44000018,group44000,group44000/44000/44000018_test.jpg,group44000/44000/44000018_temp.jpg,group44000/44000_not/44000018.txt,open_circuit;short_circuit;mouse_bite;spur;spurious_copper;pin_hole
train,group00041_00041149,group00041,group00041/00041/00041149_test.jpg,group00041/00041/00041149_temp.jpg,group00041/00041_not/00041149.txt,open_circuit;short_circuit;mouse_bite;spur;spurious_copper;pin_hole
train,group12100_12100186,group12100,group12100/12100/12100186_test.jpg,group12100/12100/12100186_temp.jpg,group12100/12100_not/12100186.txt,open_circuit;short_circuit;mouse_bite;spurious_copper;pin_hole
train,group77000_77000083,group77000,group77000/77000/77000083_test.jpg,group77000/77000/77000083_temp.jpg,group77000/77000_not/77000083.txt,open_circuit;short_circuit;mouse_bite;spur;spurious_copper;pin_hole
train,group44000_44000046,group44000,group44000/44000/44000046_test.jpg,group44000/44000/44000046_temp.jpg,group44000/44000_not/44000046.txt,open_circuit;mouse_bite;spur;spurious_copper;pin_hole
train,group77000_77000029,group77000,group77000/77000/77000029_test.jpg,group77000/77000/77000029_temp.jpg,group77000/77000_not/77000029.txt,open_circuit;short_circuit;mouse_bite;spurious_copper;pin_hole
train,group12100_12100151,group12100,group12100/12100/12100151_test.jpg,group12100/12100/12100151_temp.jpg,group12100/12100_not/12100151.txt,open_circuit;short_circuit;mouse_bite;spur;spurious_copper;pin_hole
train,group00041_00041060,group00041,group00041/00041/00041060_test.jpg,group00041/00041/00041060_temp.jpg,group00041/00041_not/00041060.txt,open_circuit;short_circuit;mouse_bite;spur;spurious_copper;pin_hole
train,group92000_92000108,group92000,group92000/92000/92000108_test.jpg,group92000/92000/92000108_temp.jpg,group92000/92000_not/92000108.txt,open_circuit;short_circuit;mouse_bite;spur
train,group00041_00041058,group00041,group00041/00041/00041058_test.jpg,group00041/00041/00041058_temp.jpg,group00041/00041_not/00041058.txt,open_circuit;short_circuit;spur;spurious_copper;pin_hole
train,group92000_92000042,group92000,group92000/92000/92000042_test.jpg,group92000/92000/92000042_temp.jpg,group92000/92000_not/92000042.txt,open_circuit;mouse_bite;spur;spurious_copper;pin_hole
train,group00041_00041115,group00041,group00041/00041/00041115_test.jpg,group00041/00041/00041115_temp.jpg,group00041/00041_not/00041115.txt,open_circuit;short_circuit;mouse_bite;spur;spurious_copper;pin_hole
train,group90100_90100000,group90100,group90100/90100/90100000_test.jpg,group90100/90100/90100000_temp.jpg,group90100/90100_not/90100000.txt,open_circuit;mouse_bite;spur;spurious_copper;pin_hole
train,group00041_00041208,group00041,group00041/00041/00041208_test.jpg,group00041/00041/00041208_temp.jpg,group00041/00041_not/00041208.txt,open_circuit;short_circuit;mouse_bite;spur
train,group20085_20085134,group20085,group20085/20085/20085134_test.jpg,group20085/20085/20085134_temp.jpg,group20085/20085_not/20085134.txt,open_circuit;short_circuit;mouse_bite;spur;pin_hole
train,group44000_44000113,group44000,group44000/44000/44000113_test.jpg,group44000/44000/44000113_temp.jpg,group44000/44000_not/44000113.txt,open_circuit;mouse_bite;spur;spurious_copper;pin_hole
train,group20085_20085003,group20085,group20085/20085/20085003_test.jpg,group20085/20085/20085003_temp.jpg,group20085/20085_not/20085003.txt,open_circuit;short_circuit;mouse_bite;spur;spurious_copper;pin_hole
train,group00041_00041159,group00041,group00041/00041/00041159_test.jpg,group00041/00041/00041159_temp.jpg,group00041/00041_not/00041159.txt,open_circuit;short_circuit;mouse_bite;spur;spurious_copper;pin_hole
train,group44000_44000094,group44000,group44000/44000/44000094_test.jpg,group44000/44000/44000094_temp.jpg,group44000/44000_not/44000094.txt,open_circuit;short_circuit;mouse_bite;spur;spurious_copper;pin_hole
train,group92000_92000079,group92000,group92000/92000/92000079_test.jpg,group92000/92000/92000079_temp.jpg,group92000/92000_not/92000079.txt,open_circuit;short_circuit;mouse_bite;spur;spurious_copper;pin_hole
train,group44000_44000070,group44000,group44000/44000/44000070_test.jpg,group44000/44000/44000070_temp.jpg,group44000/44000_not/44000070.txt,open_circuit;short_circuit;mouse_bite;spur;spurious_copper;pin_hole
train,group77000_77000052,group77000,group77000/77000/77000052_test.jpg,group77000/77000/77000052_temp.jpg,group77000/77000_not/77000052.txt,open_circuit;short_circuit;spur;pin_hole
train,group50600_50600008,group50600,group50600/50600/50600008_test.jpg,group50600/50600/50600008_temp.jpg,group50600/50600_not/50600008.txt,open_circuit;mouse_bite;spurious_copper;pin_hole
train,group50600_50600072,group50600,group50600/50600/50600072_test.jpg,group50600/50600/50600072_temp.jpg,group50600/50600_not/50600072.txt,open_circuit;short_circuit;spur;spurious_copper;pin_hole
train,group13000_13000147,group13000,group13000/13000/13000147_test.jpg,group13000/13000/13000147_temp.jpg,group13000/13000_not/13000147.txt,mouse_bite;spur;spurious_copper;pin_hole
train,group00041_00041062,group00041,group00041/00041/00041062_test.jpg,group00041/00041/00041062_temp.jpg,group00041/00041_not/00041062.txt,open_circuit;mouse_bite;spurious_copper;pin_hole
train,group50600_50600038,group50600,group50600/50600/50600038_test.jpg,group50600/50600/50600038_temp.jpg,group50600/50600_not/50600038.txt,open_circuit;short_circuit;mouse_bite;spurious_copper;pin_hole
train,group12100_12100177,group12100,group12100/12100/12100177_test.jpg,group12100/12100/12100177_temp.jpg,group12100/12100_not/12100177.txt,open_circuit;short_circuit;mouse_bite;spur;pin_hole
train,group20085_20085197,group20085,group20085/20085/20085197_test.jpg,group20085/20085/20085197_temp.jpg,group20085/20085_not/20085197.txt,open_circuit;short_circuit;mouse_bite;spur;spurious_copper;pin_hole
train,group20085_20085145,group20085,group20085/20085/20085145_test.jpg,group20085/20085/20085145_temp.jpg,group20085/20085_not/20085145.txt,open_circuit;short_circuit;mouse_bite;spur;spurious_copper;pin_hole
train,group44000_44000078,group44000,group44000/44000/44000078_test.jpg,group44000/44000/44000078_temp.jpg,group44000/44000_not/44000078.txt,open_circuit;short_circuit;mouse_bite;spur;pin_hole
train,group00041_00041067,group00041,group00041/00041/00041067_test.jpg,group00041/00041/00041067_temp.jpg,group00041/00041_not/00041067.txt,open_circuit;short_circuit;mouse_bite;spur;spurious_copper;pin_hole
train,group20085_20085201,group20085,group20085/20085/20085201_test.jpg,group20085/20085/20085201_temp.jpg,group20085/20085_not/20085201.txt,open_circuit;short_circuit;mouse_bite;spur;spurious_copper;pin_hole
train,group20085_20085235,group20085,group20085/20085/20085235_test.jpg,group20085/20085/20085235_temp.jpg,group20085/20085_not/20085235.txt,open_circuit;short_circuit;mouse_bite;spur;spurious_copper;pin_hole
train,group90100_90100030,group90100,group90100/90100/90100030_test.jpg,group90100/90100/90100030_temp.jpg,group90100/90100_not/90100030.txt,open_circuit;short_circuit;spurious_copper;pin_hole
train,group13000_13000202,group13000,group13000/13000/13000202_test.jpg,group13000/13000/13000202_temp.jpg,group13000/13000_not/13000202.txt,open_circuit;mouse_bite;spur;spurious_copper;pin_hole
train,group20085_20085142,group20085,group20085/20085/20085142_test.jpg,group20085/20085/20085142_temp.jpg,group20085/20085_not/20085142.txt,open_circuit;short_circuit;mouse_bite;spur;spurious_copper;pin_hole
train,group20085_20085105,group20085,group20085/20085/20085105_test.jpg,group20085/20085/20085105_temp.jpg,group20085/20085_not/20085105.txt,open_circuit;short_circuit;mouse_bite;spur;pin_hole
train,group12100_12100140,group12100,group12100/12100/12100140_test.jpg,group12100/12100/12100140_temp.jpg,group12100/12100_not/12100140.txt,open_circuit;short_circuit;mouse_bite;spur;pin_hole
train,group20085_20085239,group20085,group20085/20085/20085239_test.jpg,group20085/20085/20085239_temp.jpg,group20085/20085_not/20085239.txt,open_circuit;short_circuit;mouse_bite;spur;spurious_copper;pin_hole
train,group12300_12300066,group12300,group12300/12300/12300066_test.jpg,group12300/12300/12300066_temp.jpg,group12300/12300_not/12300066.txt,open_circuit;short_circuit;mouse_bite;spurious_copper;pin_hole
train,group20085_20085214,group20085,group20085/20085/20085214_test.jpg,group20085/20085/20085214_temp.jpg,group20085/20085_not/20085214.txt,open_circuit;short_circuit;mouse_bite;spurious_copper;pin_hole
train,group13000_13000040,group13000,group13000/13000/13000040_test.jpg,group13000/13000/13000040_temp.jpg,group13000/13000_not/13000040.txt,open_circuit;short_circuit;mouse_bite;spurious_copper;pin_hole
train,group20085_20085210,group20085,group20085/20085/20085210_test.jpg,group20085/20085/20085210_temp.jpg,group20085/20085_not/20085210.txt,open_circuit;short_circuit;mouse_bite;spur;spurious_copper;pin_hole
train,group90100_90100072,group90100,group90100/90100/90100072_test.jpg,group90100/90100/90100072_temp.jpg,group90100/90100_not/90100072.txt,open_circuit;short_circuit;spur;spurious_copper
train,group44000_44000053,group44000,group44000/44000/44000053_test.jpg,group44000/44000/44000053_temp.jpg,group44000/44000_not/44000053.txt,open_circuit;short_circuit;mouse_bite;spur;spurious_copper;pin_hole
train,group77000_77000011,group77000,group77000/77000/77000011_test.jpg,group77000/77000/77000011_temp.jpg,group77000/77000_not/77000011.txt,open_circuit;short_circuit;mouse_bite;spurious_copper;pin_hole
train,group20085_20085293,group20085,group20085/20085/20085293_test.jpg,group20085/20085/20085293_temp.jpg,group20085/20085_not/20085293.txt,open_circuit;short_circuit;mouse_bite;spur;pin_hole
train,group13000_13000172,group13000,group13000/13000/13000172_test.jpg,group13000/13000/13000172_temp.jpg,group13000/13000_not/13000172.txt,open_circuit;mouse_bite;pin_hole
train,group44000_44000055,group44000,group44000/44000/44000055_test.jpg,group44000/44000/44000055_temp.jpg,group44000/44000_not/44000055.txt,open_circuit;short_circuit;mouse_bite;spur;spurious_copper;pin_hole
train,group12100_12100156,group12100,group12100/12100/12100156_test.jpg,group12100/12100/12100156_temp.jpg,group12100/12100_not/12100156.txt,open_circuit;mouse_bite;spur;spurious_copper;pin_hole
train,group20085_20085321,group20085,group20085/20085/20085321_test.jpg,group20085/20085/20085321_temp.jpg,group20085/20085_not/20085321.txt,mouse_bite;spur;spurious_copper;pin_hole
train,group12300_12300131,group12300,group12300/12300/12300131_test.jpg,group12300/12300/12300131_temp.jpg,group12300/12300_not/12300131.txt,open_circuit;short_circuit;mouse_bite;spurious_copper;pin_hole
train,group12100_12100028,group12100,group12100/12100/12100028_test.jpg,group12100/12100/12100028_temp.jpg,group12100/12100_not/12100028.txt,open_circuit;mouse_bite;spur;spurious_copper
train,group13000_13000053,group13000,group13000/13000/13000053_test.jpg,group13000/13000/13000053_temp.jpg,group13000/13000_not/13000053.txt,open_circuit;mouse_bite;spur;spurious_copper;pin_hole
train,group92000_92000050,group92000,group92000/92000/92000050_test.jpg,group92000/92000/92000050_temp.jpg,group92000/92000_not/92000050.txt,open_circuit;short_circuit;spur;pin_hole
train,group44000_44000061,group44000,group44000/44000/44000061_test.jpg,group44000/44000/44000061_temp.jpg,group44000/44000_not/44000061.txt,open_circuit;short_circuit;mouse_bite;spur;spurious_copper;pin_hole
train,group00041_00041059,group00041,group00041/00041/00041059_test.jpg,group00041/00041/00041059_temp.jpg,group00041/00041_not/00041059.txt,open_circuit;short_circuit;mouse_bite;spur;spurious_copper;pin_hole
train,group00041_00041165,group00041,group00041/00041/00041165_test.jpg,group00041/00041/00041165_temp.jpg,group00041/00041_not/00041165.txt,open_circuit;short_circuit;mouse_bite;spurious_copper;pin_hole
train,group13000_13000139,group13000,group13000/13000/13000139_test.jpg,group13000/13000/13000139_temp.jpg,group13000/13000_not/13000139.txt,open_circuit;short_circuit;mouse_bite;spur;spurious_copper;pin_hole
train,group90100_90100008,group90100,group90100/90100/90100008_test.jpg,group90100/90100/90100008_temp.jpg,group90100/90100_not/90100008.txt,open_circuit;short_circuit;mouse_bite;spur
train,group00041_00041045,group00041,group00041/00041/00041045_test.jpg,group00041/00041/00041045_temp.jpg,group00041/00041_not/00041045.txt,open_circuit;short_circuit;mouse_bite;spur;spurious_copper;pin_hole
train,group90100_90100009,group90100,group90100/90100/90100009_test.jpg,group90100/90100/90100009_temp.jpg,group90100/90100_not/90100009.txt,open_circuit;short_circuit;mouse_bite;spur;spurious_copper;pin_hole
train,group00041_00041018,group00041,group00041/00041/00041018_test.jpg,group00041/00041/00041018_temp.jpg,group00041/00041_not/00041018.txt,open_circuit;short_circuit;mouse_bite;spur;spurious_copper;pin_hole
train,group44000_44000033,group44000,group44000/44000/44000033_test.jpg,group44000/44000/44000033_temp.jpg,group44000/44000_not/44000033.txt,open_circuit;short_circuit;mouse_bite;spur;spurious_copper;pin_hole
train,group13000_13000107,group13000,group13000/13000/13000107_test.jpg,group13000/13000/13000107_temp.jpg,group13000/13000_not/13000107.txt,mouse_bite;spur;spurious_copper;pin_hole
train,group20085_20085039,group20085,group20085/20085/20085039_test.jpg,group20085/20085/20085039_temp.jpg,group20085/20085_not/20085039.txt,short_circuit;mouse_bite;spur;spurious_copper
train,group00041_00041205,group00041,group00041/00041/00041205_test.jpg,group00041/00041/00041205_temp.jpg,group00041/00041_not/00041205.txt,open_circuit;short_circuit;spur;pin_hole
train,group13000_13000004,group13000,group13000/13000/13000004_test.jpg,group13000/13000/13000004_temp.jpg,group13000/13000_not/13000004.txt,open_circuit;short_circuit;mouse_bite;spur;spurious_copper;pin_hole
train,group12100_12100159,group12100,group12100/12100/12100159_test.jpg,group12100/12100/12100159_temp.jpg,group12100/12100_not/12100159.txt,open_circuit;short_circuit;mouse_bite;spur;spurious_copper;pin_hole
train,group00041_00041147,group00041,group00041/00041/00041147_test.jpg,group00041/00041/00041147_temp.jpg,group00041/00041_not/00041147.txt,open_circuit;mouse_bite;spur;pin_hole
train,group50600_50600058,group50600,group50600/50600/50600058_test.jpg,group50600/50600/50600058_temp.jpg,group50600/50600_not/50600058.txt,open_circuit;short_circuit;spur;spurious_copper;pin_hole
train,group20085_20085042,group20085,group20085/20085/20085042_test.jpg,group20085/20085/20085042_temp.jpg,group20085/20085_not/20085042.txt,open_circuit;short_circuit;mouse_bite;spur;spurious_copper;pin_hole
train,group44000_44000090,group44000,group44000/44000/44000090_test.jpg,group44000/44000/44000090_temp.jpg,group44000/44000_not/44000090.txt,open_circuit;short_circuit;mouse_bite;spur;spurious_copper;pin_hole
train,group00041_00041168,group00041,group00041/00041/00041168_test.jpg,group00041/00041/00041168_temp.jpg,group00041/00041_not/00041168.txt,open_circuit;mouse_bite;spur;spurious_copper;pin_hole
train,group20085_20085022,group20085,group20085/20085/20085022_test.jpg,group20085/20085/20085022_temp.jpg,group20085/20085_not/20085022.txt,open_circuit;short_circuit;mouse_bite;spur;spurious_copper;pin_hole
train,group44000_44000012,group44000,group44000/44000/44000012_test.jpg,group44000/44000/44000012_temp.jpg,group44000/44000_not/44000012.txt,open_circuit;short_circuit;mouse_bite;spur;spurious_copper;pin_hole
train,group20085_20085097,group20085,group20085/20085/20085097_test.jpg,group20085/20085/20085097_temp.jpg,group20085/20085_not/20085097.txt,open_circuit;short_circuit;mouse_bite;spur;spurious_copper;pin_hole
train,group20085_20085191,group20085,group20085/20085/20085191_test.jpg,group20085/20085/20085191_temp.jpg,group20085/20085_not/20085191.txt,open_circuit;short_circuit;mouse_bite;spur;spurious_copper;pin_hole
train,group12100_12100148,group12100,group12100/12100/12100148_test.jpg,group12100/12100/12100148_temp.jpg,group12100/12100_not/12100148.txt,open_circuit;short_circuit;mouse_bite;spur;spurious_copper
train,group12100_12100161,group12100,group12100/12100/12100161_test.jpg,group12100/12100/12100161_temp.jpg,group12100/12100_not/12100161.txt,open_circuit;short_circuit;spur;spurious_copper;pin_hole
train,group13000_13000088,group13000,group13000/13000/13000088_test.jpg,group13000/13000/13000088_temp.jpg,group13000/13000_not/13000088.txt,mouse_bite;spur;pin_hole
train,group44000_44000014,group44000,group44000/44000/44000014_test.jpg,group44000/44000/44000014_temp.jpg,group44000/44000_not/44000014.txt,open_circuit;short_circuit;mouse_bite;spur;spurious_copper;pin_hole
train,group13000_13000043,group13000,group13000/13000/13000043_test.jpg,group13000/13000/13000043_temp.jpg,group13000/13000_not/13000043.txt,open_circuit;short_circuit;mouse_bite;spur;spurious_copper;pin_hole
train,group13000_13000049,group13000,group13000/13000/13000049_test.jpg,group13000/13000/13000049_temp.jpg,group13000/13000_not/13000049.txt,open_circuit;short_circuit;mouse_bite;spur;spurious_copper;pin_hole
train,group90100_90100046,group90100,group90100/90100/90100046_test.jpg,group90100/90100/90100046_temp.jpg,group90100/90100_not/90100046.txt,open_circuit;mouse_bite;spur;spurious_copper;pin_hole
train,group20085_20085183,group20085,group20085/20085/20085183_test.jpg,group20085/20085/20085183_temp.jpg,group20085/20085_not/20085183.txt,open_circuit;short_circuit;mouse_bite;spur;spurious_copper;pin_hole
train,group00041_00041185,group00041,group00041/00041/00041185_test.jpg,group00041/00041/00041185_temp.jpg,group00041/00041_not/00041185.txt,open_circuit;mouse_bite;spur;spurious_copper;pin_hole
train,group20085_20085106,group20085,group20085/20085/20085106_test.jpg,group20085/20085/20085106_temp.jpg,group20085/20085_not/20085106.txt,open_circuit;short_circuit;mouse_bite;spurious_copper;pin_hole
train,group20085_20085309,group20085,group20085/20085/20085309_test.jpg,group20085/20085/20085309_temp.jpg,group20085/20085_not/20085309.txt,open_circuit;short_circuit;mouse_bite;spur;spurious_copper;pin_hole
train,group13000_13000120,group13000,group13000/13000/13000120_test.jpg,group13000/13000/13000120_temp.jpg,group13000/13000_not/13000120.txt,open_circuit;short_circuit;mouse_bite;spur;spurious_copper
train,group00041_00041179,group00041,group00041/00041/00041179_test.jpg,group00041/00041/00041179_temp.jpg,group00041/00041_not/00041179.txt,open_circuit;mouse_bite;spur;spurious_copper;pin_hole
train,group77000_77000061,group77000,group77000/77000/77000061_test.jpg,group77000/77000/77000061_temp.jpg,group77000/77000_not/77000061.txt,open_circuit;short_circuit
train,group50600_50600019,group50600,group50600/50600/50600019_test.jpg,group50600/50600/50600019_temp.jpg,group50600/50600_not/50600019.txt,open_circuit;short_circuit;spur;pin_hole
train,group00041_00041021,group00041,group00041/00041/00041021_test.jpg,group00041/00041/00041021_temp.jpg,group00041/00041_not/00041021.txt,open_circuit;mouse_bite;spur;spurious_copper;pin_hole
train,group90100_90100053,group90100,group90100/90100/90100053_test.jpg,group90100/90100/90100053_temp.jpg,group90100/90100_not/90100053.txt,open_circuit;short_circuit;mouse_bite;spur;spurious_copper;pin_hole
train,group92000_92000094,group92000,group92000/92000/92000094_test.jpg,group92000/92000/92000094_temp.jpg,group92000/92000_not/92000094.txt,open_circuit;short_circuit;spur;spurious_copper;pin_hole
train,group92000_92000043,group92000,group92000/92000/92000043_test.jpg,group92000/92000/92000043_temp.jpg,group92000/92000_not/92000043.txt,open_circuit;spur
train,group12100_12100021,group12100,group12100/12100/12100021_test.jpg,group12100/12100/12100021_temp.jpg,group12100/12100_not/12100021.txt,open_circuit;short_circuit;mouse_bite;spur;spurious_copper;pin_hole
train,group20085_20085053,group20085,group20085/20085/20085053_test.jpg,group20085/20085/20085053_temp.jpg,group20085/20085_not/20085053.txt,open_circuit;short_circuit;mouse_bite;spurious_copper;pin_hole
train,group12300_12300152,group12300,group12300/12300/12300152_test.jpg,group12300/12300/12300152_temp.jpg,group12300/12300_not/12300152.txt,open_circuit;short_circuit;spur;spurious_copper;pin_hole
train,group00041_00041040,group00041,group00041/00041/00041040_test.jpg,group00041/00041/00041040_temp.jpg,group00041/00041_not/00041040.txt,open_circuit;short_circuit;mouse_bite;spur;spurious_copper;pin_hole
train,group44000_44000029,group44000,group44000/44000/44000029_test.jpg,group44000/44000/44000029_temp.jpg,group44000/44000_not/44000029.txt,open_circuit;short_circuit;mouse_bite;spur;spurious_copper;pin_hole
train,group12300_12300217,group12300,group12300/12300/12300217_test.jpg,group12300/12300/12300217_temp.jpg,group12300/12300_not/12300217.txt,open_circuit;short_circuit;mouse_bite;spurious_copper;pin_hole
train,group92000_92000002,group92000,group92000/92000/92000002_test.jpg,group92000/92000/92000002_temp.jpg,group92000/92000_not/92000002.txt,open_circuit;short_circuit;spur;pin_hole
train,group13000_13000033,group13000,group13000/13000/13000033_test.jpg,group13000/13000/13000033_temp.jpg,group13000/13000_not/13000033.txt,open_circuit;mouse_bite;spur;spurious_copper;pin_hole
train,group20085_20085192,group20085,group20085/20085/20085192_test.jpg,group20085/20085/20085192_temp.jpg,group20085/20085_not/20085192.txt,open_circuit;mouse_bite;spur;spurious_copper;pin_hole
train,group12300_12300121,group12300,group12300/12300/12300121_test.jpg,group12300/12300/12300121_temp.jpg,group12300/12300_not/12300121.txt,open_circuit;short_circuit;mouse_bite;spur;spurious_copper;pin_hole
train,group13000_13000115,group13000,group13000/13000/13000115_test.jpg,group13000/13000/13000115_temp.jpg,group13000/13000_not/13000115.txt,mouse_bite;spurious_copper;pin_hole
train,group13000_13000000,group13000,group13000/13000/13000000_test.jpg,group13000/13000/13000000_temp.jpg,group13000/13000_not/13000000.txt,open_circuit;mouse_bite;spur;spurious_copper;pin_hole
train,group00041_00041127,group00041,group00041/00041/00041127_test.jpg,group00041/00041/00041127_temp.jpg,group00041/00041_not/00041127.txt,open_circuit;short_circuit;mouse_bite;spur;pin_hole
train,group90100_90100077,group90100,group90100/90100/90100077_test.jpg,group90100/90100/90100077_temp.jpg,group90100/90100_not/90100077.txt,open_circuit;short_circuit;mouse_bite;spur
train,group20085_20085226,group20085,group20085/20085/20085226_test.jpg,group20085/20085/20085226_temp.jpg,group20085/20085_not/20085226.txt,open_circuit;short_circuit;mouse_bite;spur;spurious_copper;pin_hole
train,group12100_12100134,group12100,group12100/12100/12100134_test.jpg,group12100/12100/12100134_temp.jpg,group12100/12100_not/12100134.txt,open_circuit;mouse_bite;spur;pin_hole
train,group20085_20085133,group20085,group20085/20085/20085133_test.jpg,group20085/20085/20085133_temp.jpg,group20085/20085_not/20085133.txt,open_circuit;short_circuit;mouse_bite;spurious_copper;pin_hole
train,group13000_13000101,group13000,group13000/13000/13000101_test.jpg,group13000/13000/13000101_temp.jpg,group13000/13000_not/13000101.txt,open_circuit;short_circuit;mouse_bite;spur;pin_hole
train,group44000_44000102,group44000,group44000/44000/44000102_test.jpg,group44000/44000/44000102_temp.jpg,group44000/44000_not/44000102.txt,open_circuit;short_circuit;mouse_bite;spur;spurious_copper;pin_hole
train,group77000_77000073,group77000,group77000/77000/77000073_test.jpg,group77000/77000/77000073_temp.jpg,group77000/77000_not/77000073.txt,open_circuit;short_circuit;spurious_copper;pin_hole
train,group12100_12100037,group12100,group12100/12100/12100037_test.jpg,group12100/12100/12100037_temp.jpg,group12100/12100_not/12100037.txt,open_circuit;short_circuit;mouse_bite;spur;pin_hole
train,group13000_13000117,group13000,group13000/13000/13000117_test.jpg,group13000/13000/13000117_temp.jpg,group13000/13000_not/13000117.txt,open_circuit;short_circuit;mouse_bite;spur;spurious_copper;pin_hole
train,group20085_20085283,group20085,group20085/20085/20085283_test.jpg,group20085/20085/20085283_temp.jpg,group20085/20085_not/20085283.txt,open_circuit;short_circuit;mouse_bite;spurious_copper
train,group20085_20085068,group20085,group20085/20085/20085068_test.jpg,group20085/20085/20085068_temp.jpg,group20085/20085_not/20085068.txt,open_circuit;short_circuit;spur;spurious_copper;pin_hole
train,group13000_13000177,group13000,group13000/13000/13000177_test.jpg,group13000/13000/13000177_temp.jpg,group13000/13000_not/13000177.txt,open_circuit;mouse_bite;spur;spurious_copper;pin_hole
train,group00041_00041202,group00041,group00041/00041/00041202_test.jpg,group00041/00041/00041202_temp.jpg,group00041/00041_not/00041202.txt,open_circuit;mouse_bite;spur;pin_hole
train,group13000_13000183,group13000,group13000/13000/13000183_test.jpg,group13000/13000/13000183_temp.jpg,group13000/13000_not/13000183.txt,open_circuit;mouse_bite;spur;spurious_copper;pin_hole
train,group12100_12100004,group12100,group12100/12100/12100004_test.jpg,group12100/12100/12100004_temp.jpg,group12100/12100_not/12100004.txt,open_circuit;short_circuit;mouse_bite;spur;spurious_copper;pin_hole
train,group00041_00041072,group00041,group00041/00041/00041072_test.jpg,group00041/00041/00041072_temp.jpg,group00041/00041_not/00041072.txt,open_circuit;short_circuit;mouse_bite;spur;spurious_copper
train,group20085_20085206,group20085,group20085/20085/20085206_test.jpg,group20085/20085/20085206_temp.jpg,group20085/20085_not/20085206.txt,open_circuit;short_circuit;mouse_bite;spur;spurious_copper;pin_hole
train,group20085_20085292,group20085,group20085/20085/20085292_test.jpg,group20085/20085/20085292_temp.jpg,group20085/20085_not/20085292.txt,open_circuit;short_circuit;mouse_bite;spur;spurious_copper
train,group12100_12100060,group12100,group12100/12100/12100060_test.jpg,group12100/12100/12100060_temp.jpg,group12100/12100_not/12100060.txt,open_circuit;short_circuit;mouse_bite;spur;spurious_copper;pin_hole
train,group12100_12100002,group12100,group12100/12100/12100002_test.jpg,group12100/12100/12100002_temp.jpg,group12100/12100_not/12100002.txt,open_circuit;short_circuit;mouse_bite;spurious_copper;pin_hole
train,group00041_00041033,group00041,group00041/00041/00041033_test.jpg,group00041/00041/00041033_temp.jpg,group00041/00041_not/00041033.txt,open_circuit;short_circuit;spur;spurious_copper;pin_hole
train,group12100_12100063,group12100,group12100/12100/12100063_test.jpg,group12100/12100/12100063_temp.jpg,group12100/12100_not/12100063.txt,open_circuit;short_circuit;mouse_bite;spur;pin_hole
train,group20085_20085203,group20085,group20085/20085/20085203_test.jpg,group20085/20085/20085203_temp.jpg,group20085/20085_not/20085203.txt,open_circuit;short_circuit;mouse_bite;spur;spurious_copper;pin_hole
train,group13000_13000106,group13000,group13000/13000/13000106_test.jpg,group13000/13000/13000106_temp.jpg,group13000/13000_not/13000106.txt,mouse_bite;spur;spurious_copper;pin_hole
train,group50600_50600053,group50600,group50600/50600/50600053_test.jpg,group50600/50600/50600053_temp.jpg,group50600/50600_not/50600053.txt,open_circuit;mouse_bite;spur;spurious_copper;pin_hole
train,group00041_00041002,group00041,group00041/00041/00041002_test.jpg,group00041/00041/00041002_temp.jpg,group00041/00041_not/00041002.txt,short_circuit;spur;spurious_copper;pin_hole
train,group13000_13000095,group13000,group13000/13000/13000095_test.jpg,group13000/13000/13000095_temp.jpg,group13000/13000_not/13000095.txt,open_circuit;short_circuit;mouse_bite;spur;pin_hole
train,group00041_00041076,group00041,group00041/00041/00041076_test.jpg,group00041/00041/00041076_temp.jpg,group00041/00041_not/00041076.txt,open_circuit;short_circuit;mouse_bite;spur;spurious_copper;pin_hole
train,group13000_13000086,group13000,group13000/13000/13000086_test.jpg,group13000/13000/13000086_temp.jpg,group13000/13000_not/13000086.txt,open_circuit;short_circuit;mouse_bite;spur;spurious_copper;pin_hole
train,group00041_00041177,group00041,group00041/00041/00041177_test.jpg,group00041/00041/00041177_temp.jpg,group00041/00041_not/00041177.txt,open_circuit;short_circuit;mouse_bite;spur
train,group50600_50600063,group50600,group50600/50600/50600063_test.jpg,group50600/50600/50600063_temp.jpg,group50600/50600_not/50600063.txt,open_circuit;short_circuit;mouse_bite;spur
train,group00041_00041160,group00041,group00041/00041/00041160_test.jpg,group00041/00041/00041160_temp.jpg,group00041/00041_not/00041160.txt,open_circuit;short_circuit;mouse_bite;spur;spurious_copper;pin_hole
train,group20085_20085249,group20085,group20085/20085/20085249_test.jpg,group20085/20085/20085249_temp.jpg,group20085/20085_not/20085249.txt,open_circuit;short_circuit;mouse_bite;spur;spurious_copper;pin_hole
train,group77000_77000066,group77000,group77000/77000/77000066_test.jpg,group77000/77000/77000066_temp.jpg,group77000/77000_not/77000066.txt,open_circuit;mouse_bite;spur;pin_hole
train,group20085_20085112,group20085,group20085/20085/20085112_test.jpg,group20085/20085/20085112_temp.jpg,group20085/20085_not/20085112.txt,open_circuit;short_circuit;mouse_bite;spur
train,group92000_92000025,group92000,group92000/92000/92000025_test.jpg,group92000/92000/92000025_temp.jpg,group92000/92000_not/92000025.txt,open_circuit;short_circuit;spur;pin_hole
train,group00041_00041101,group00041,group00041/00041/00041101_test.jpg,group00041/00041/00041101_temp.jpg,group00041/00041_not/00041101.txt,open_circuit;short_circuit;mouse_bite;spur;pin_hole
train,group92000_92000105,group92000,group92000/92000/92000105_test.jpg,group92000/92000/92000105_temp.jpg,group92000/92000_not/92000105.txt,open_circuit;spur;spurious_copper;pin_hole
train,group12100_12100132,group12100,group12100/12100/12100132_test.jpg,group12100/12100/12100132_temp.jpg,group12100/12100_not/12100132.txt,open_circuit;mouse_bite;spur;spurious_copper;pin_hole
train,group12300_12300149,group12300,group12300/12300/12300149_test.jpg,group12300/12300/12300149_temp.jpg,group12300/12300_not/12300149.txt,open_circuit;short_circuit;mouse_bite;spur;pin_hole
train,group12100_12100124,group12100,group12100/12100/12100124_test.jpg,group12100/12100/12100124_temp.jpg,group12100/12100_not/12100124.txt,open_circuit;short_circuit;spurious_copper;pin_hole
train,group20085_20085225,group20085,group20085/20085/20085225_test.jpg,group20085/20085/20085225_temp.jpg,group20085/20085_not/20085225.txt,open_circuit;short_circuit;mouse_bite;spur;spurious_copper;pin_hole
train,group20085_20085008,group20085,group20085/20085/20085008_test.jpg,group20085/20085/20085008_temp.jpg,group20085/20085_not/20085008.txt,mouse_bite;spurious_copper;pin_hole
train,group20085_20085161,group20085,group20085/20085/20085161_test.jpg,group20085/20085/20085161_temp.jpg,group20085/20085_not/20085161.txt,mouse_bite;spurious_copper;pin_hole
train,group13000_13000056,group13000,group13000/13000/13000056_test.jpg,group13000/13000/13000056_temp.jpg,group13000/13000_not/13000056.txt,open_circuit;short_circuit;mouse_bite;spur;spurious_copper;pin_hole
train,group12000_12000171,group12000,group12000/12000/12000171_test.jpg,group12000/12000/12000171_temp.jpg,group12000/12000_not/12000171.txt,open_circuit;mouse_bite;spur;spurious_copper;pin_hole
train,group12300_12300135,group12300,group12300/12300/12300135_test.jpg,group12300/12300/12300135_temp.jpg,group12300/12300_not/12300135.txt,open_circuit;mouse_bite;spur;spurious_copper;pin_hole
train,group44000_44000056,group44000,group44000/44000/44000056_test.jpg,group44000/44000/44000056_temp.jpg,group44000/44000_not/44000056.txt,open_circuit;short_circuit;mouse_bite;spur;spurious_copper;pin_hole
train,group00041_00041121,group00041,group00041/00041/00041121_test.jpg,group00041/00041/00041121_temp.jpg,group00041/00041_not/00041121.txt,open_circuit;short_circuit;mouse_bite;spur;spurious_copper;pin_hole
train,group12100_12100019,group12100,group12100/12100/12100019_test.jpg,group12100/12100/12100019_temp.jpg,group12100/12100_not/12100019.txt,open_circuit;short_circuit;mouse_bite;spur;pin_hole
train,group20085_20085294,group20085,group20085/20085/20085294_test.jpg,group20085/20085/20085294_temp.jpg,group20085/20085_not/20085294.txt,open_circuit;short_circuit;mouse_bite;spur;spurious_copper
train,group20085_20085320,group20085,group20085/20085/20085320_test.jpg,group20085/20085/20085320_temp.jpg,group20085/20085_not/20085320.txt,mouse_bite;pin_hole
train,group13000_13000097,group13000,group13000/13000/13000097_test.jpg,group13000/13000/13000097_temp.jpg,group13000/13000_not/13000097.txt,open_circuit;short_circuit;mouse_bite;spur;spurious_copper;pin_hole
train,group00041_00041152,group00041,group00041/00041/00041152_test.jpg,group00041/00041/00041152_temp.jpg,group00041/00041_not/00041152.txt,open_circuit;mouse_bite;spur;spurious_copper;pin_hole
train,group00041_00041155,group00041,group00041/00041/00041155_test.jpg,group00041/00041/00041155_temp.jpg,group00041/00041_not/00041155.txt,open_circuit;short_circuit;spur;spurious_copper;pin_hole
train,group92000_92000099,group92000,group92000/92000/92000099_test.jpg,group92000/92000/92000099_temp.jpg,group92000/92000_not/92000099.txt,open_circuit;short_circuit;spur;spurious_copper;pin_hole
train,group13000_13000111,group13000,group13000/13000/13000111_test.jpg,group13000/13000/13000111_temp.jpg,group13000/13000_not/13000111.txt,mouse_bite;spurious_copper;pin_hole
train,group00041_00041075,group00041,group00041/00041/00041075_test.jpg,group00041/00041/00041075_temp.jpg,group00041/00041_not/00041075.txt,open_circuit;short_circuit;spur;spurious_copper;pin_hole
train,group13000_13000024,group13000,group13000/13000/13000024_test.jpg,group13000/13000/13000024_temp.jpg,group13000/13000_not/13000024.txt,open_circuit;short_circuit;mouse_bite;spur;spurious_copper;pin_hole
train,group12300_12300119,group12300,group12300/12300/12300119_test.jpg,group12300/12300/12300119_temp.jpg,group12300/12300_not/12300119.txt,open_circuit;short_circuit;spurious_copper;pin_hole
train,group00041_00041066,group00041,group00041/00041/00041066_test.jpg,group00041/00041/00041066_temp.jpg,group00041/00041_not/00041066.txt,open_circuit;short_circuit;spur;spurious_copper;pin_hole
train,group50600_50600071,group50600,group50600/50600/50600071_test.jpg,group50600/50600/50600071_temp.jpg,group50600/50600_not/50600071.txt,open_circuit;short_circuit;mouse_bite;spurious_copper
train,group13000_13000010,group13000,group13000/13000/13000010_test.jpg,group13000/13000/13000010_temp.jpg,group13000/13000_not/13000010.txt,open_circuit;short_circuit;mouse_bite;spur;spurious_copper;pin_hole
train,group20085_20085103,group20085,group20085/20085/20085103_test.jpg,group20085/20085/20085103_temp.jpg,group20085/20085_not/20085103.txt,open_circuit;short_circuit;mouse_bite;spur;spurious_copper;pin_hole
train,group00041_00041052,group00041,group00041/00041/00041052_test.jpg,group00041/00041/00041052_temp.jpg,group00041/00041_not/00041052.txt,open_circuit;short_circuit;mouse_bite;spur;spurious_copper;pin_hole
train,group00041_00041188,group00041,group00041/00041/00041188_test.jpg,group00041/00041/00041188_temp.jpg,group00041/00041_not/00041188.txt,open_circuit;short_circuit;mouse_bite;spur;spurious_copper;pin_hole
train,group13000_13000208,group13000,group13000/13000/13000208_test.jpg,group13000/13000/13000208_temp.jpg,group13000/13000_not/13000208.txt,open_circuit;mouse_bite;spur;spurious_copper;pin_hole
train,group90100_90100035,group90100,group90100/90100/90100035_test.jpg,group90100/90100/90100035_temp.jpg,group90100/90100_not/90100035.txt,open_circuit;short_circuit;spur;spurious_copper;pin_hole
train,group90100_90100012,group90100,group90100/90100/90100012_test.jpg,group90100/90100/90100012_temp.jpg,group90100/90100_not/90100012.txt,open_circuit;short_circuit;spur;spurious_copper;pin_hole
train,group13000_13000001,group13000,group13000/13000/13000001_test.jpg,group13000/13000/13000001_temp.jpg,group13000/13000_not/13000001.txt,open_circuit;short_circuit;mouse_bite;spur;spurious_copper;pin_hole
train,group12100_12100056,group12100,group12100/12100/12100056_test.jpg,group12100/12100/12100056_temp.jpg,group12100/12100_not/12100056.txt,open_circuit;short_circuit;mouse_bite;pin_hole
train,group13000_13000108,group13000,group13000/13000/13000108_test.jpg,group13000/13000/13000108_temp.jpg,group13000/13000_not/13000108.txt,open_circuit;short_circuit;mouse_bite;spur;spurious_copper;pin_hole
train,group20085_20085033,group20085,group20085/20085/20085033_test.jpg,group20085/20085/20085033_temp.jpg,group20085/20085_not/20085033.txt,open_circuit;short_circuit;mouse_bite;spur;spurious_copper;pin_hole
train,group00041_00041105,group00041,group00041/00041/00041105_test.jpg,group00041/00041/00041105_temp.jpg,group00041/00041_not/00041105.txt,open_circuit;short_circuit;mouse_bite;spur;spurious_copper;pin_hole
train,group20085_20085258,group20085,group20085/20085/20085258_test.jpg,group20085/20085/20085258_temp.jpg,group20085/20085_not/20085258.txt,short_circuit;mouse_bite;spur;spurious_copper;pin_hole
train,group20085_20085004,group20085,group20085/20085/20085004_test.jpg,group20085/20085/20085004_temp.jpg,group20085/20085_not/20085004.txt,mouse_bite;spur;spurious_copper;pin_hole
train,group12100_12100064,group12100,group12100/12100/12100064_test.jpg,group12100/12100/12100064_temp.jpg,group12100/12100_not/12100064.txt,open_circuit;short_circuit;mouse_bite;spur;spurious_copper
train,group13000_13000180,group13000,group13000/13000/13000180_test.jpg,group13000/13000/13000180_temp.jpg,group13000/13000_not/13000180.txt,mouse_bite;spur;spurious_copper;pin_hole
train,group00041_00041055,group00041,group00041/00041/00041055_test.jpg,group00041/00041/00041055_temp.jpg,group00041/00041_not/00041055.txt,open_circuit;mouse_bite;spur;spurious_copper;pin_hole
train,group00041_00041046,group00041,group00041/00041/00041046_test.jpg,group00041/00041/00041046_temp.jpg,group00041/00041_not/00041046.txt,open_circuit;short_circuit;mouse_bite;spur;spurious_copper;pin_hole
train,group12100_12100045,group12100,group12100/12100/12100045_test.jpg,group12100/12100/12100045_temp.jpg,group12100/12100_not/12100045.txt,open_circuit;mouse_bite;spur;pin_hole
train,group92000_92000028,group92000,group92000/92000/92000028_test.jpg,group92000/92000/92000028_temp.jpg,group92000/92000_not/92000028.txt,open_circuit;short_circuit;mouse_bite;spur
train,group50600_50600074,group50600,group50600/50600/50600074_test.jpg,group50600/50600/50600074_temp.jpg,group50600/50600_not/50600074.txt,open_circuit;short_circuit;mouse_bite;pin_hole
train,group77000_77000080,group77000,group77000/77000/77000080_test.jpg,group77000/77000/77000080_temp.jpg,group77000/77000_not/77000080.txt,short_circuit;spurious_copper
train,group12100_12100129,group12100,group12100/12100/12100129_test.jpg,group12100/12100/12100129_temp.jpg,group12100/12100_not/12100129.txt,open_circuit;short_circuit;mouse_bite;spur;spurious_copper;pin_hole
train,group00041_00041183,group00041,group00041/00041/00041183_test.jpg,group00041/00041/00041183_temp.jpg,group00041/00041_not/00041183.txt,open_circuit;short_circuit;mouse_bite;spur;pin_hole
train,group12100_12100189,group12100,group12100/12100/12100189_test.jpg,group12100/12100/12100189_temp.jpg,group12100/12100_not/12100189.txt,open_circuit;short_circuit;mouse_bite;spur;spurious_copper;pin_hole
train,group12000_12000187,group12000,group12000/12000/12000187_test.jpg,group12000/12000/12000187_temp.jpg,group12000/12000_not/12000187.txt,open_circuit;short_circuit;spur;spurious_copper
train,group44000_44000100,group44000,group44000/44000/44000100_test.jpg,group44000/44000/44000100_temp.jpg,group44000/44000_not/44000100.txt,open_circuit;short_circuit;mouse_bite;spur;spurious_copper;pin_hole
train,group77000_77000057,group77000,group77000/77000/77000057_test.jpg,group77000/77000/77000057_temp.jpg,group77000/77000_not/77000057.txt,open_circuit;mouse_bite
train,group90100_90100084,group90100,group90100/90100/90100084_test.jpg,group90100/90100/90100084_temp.jpg,group90100/90100_not/90100084.txt,open_circuit;short_circuit;mouse_bite;spurious_copper;pin_hole
train,group12100_12100054,group12100,group12100/12100/12100054_test.jpg,group12100/12100/12100054_temp.jpg,group12100/12100_not/12100054.txt,mouse_bite;spur;spurious_copper;pin_hole
train,group90100_90100033,group90100,group90100/90100/90100033_test.jpg,group90100/90100/90100033_temp.jpg,group90100/90100_not/90100033.txt,open_circuit;short_circuit;spur;pin_hole
train,group13000_13000058,group13000,group13000/13000/13000058_test.jpg,group13000/13000/13000058_temp.jpg,group13000/13000_not/13000058.txt,open_circuit;short_circuit;mouse_bite;spur;spurious_copper;pin_hole
train,group13000_13000124,group13000,group13000/13000/13000124_test.jpg,group13000/13000/13000124_temp.jpg,group13000/13000_not/13000124.txt,mouse_bite;spur;spurious_copper;pin_hole
train,group20085_20085205,group20085,group20085/20085/20085205_test.jpg,group20085/20085/20085205_temp.jpg,group20085/20085_not/20085205.txt,open_circuit;short_circuit;mouse_bite;spur;spurious_copper;pin_hole
train,group20085_20085207,group20085,group20085/20085/20085207_test.jpg,group20085/20085/20085207_temp.jpg,group20085/20085_not/20085207.txt,open_circuit;short_circuit;mouse_bite;spur;spurious_copper;pin_hole
train,group44000_44000074,group44000,group44000/44000/44000074_test.jpg,group44000/44000/44000074_temp.jpg,group44000/44000_not/44000074.txt,open_circuit;short_circuit;mouse_bite;spurious_copper;pin_hole
train,group00041_00041196,group00041,group00041/00041/00041196_test.jpg,group00041/00041/00041196_temp.jpg,group00041/00041_not/00041196.txt,open_circuit;mouse_bite;spur;spurious_copper
train,group50600_50600003,group50600,group50600/50600/50600003_test.jpg,group50600/50600/50600003_temp.jpg,group50600/50600_not/50600003.txt,open_circuit;mouse_bite;spur;spurious_copper;pin_hole
train,group92000_92000016,group92000,group92000/92000/92000016_test.jpg,group92000/92000/92000016_temp.jpg,group92000/92000_not/92000016.txt,open_circuit;short_circuit;mouse_bite;spur;spurious_copper;pin_hole
train,group00041_00041122,group00041,group00041/00041/00041122_test.jpg,group00041/00041/00041122_temp.jpg,group00041/00041_not/00041122.txt,open_circuit;short_circuit;spur;pin_hole
train,group50600_50600028,group50600,group50600/50600/50600028_test.jpg,group50600/50600/50600028_temp.jpg,group50600/50600_not/50600028.txt,open_circuit;short_circuit;mouse_bite;spur;spurious_copper;pin_hole
train,group00041_00041197,group00041,group00041/00041/00041197_test.jpg,group00041/00041/00041197_temp.jpg,group00041/00041_not/00041197.txt,open_circuit;mouse_bite;spurious_copper;pin_hole
train,group92000_92000060,group92000,group92000/92000/92000060_test.jpg,group92000/92000/92000060_temp.jpg,group92000/92000_not/92000060.txt,open_circuit;short_circuit;mouse_bite;spur;spurious_copper;pin_hole
train,group44000_44000099,group44000,group44000/44000/44000099_test.jpg,group44000/44000/44000099_temp.jpg,group44000/44000_not/44000099.txt,open_circuit;short_circuit;mouse_bite;spur;spurious_copper;pin_hole
train,group90100_90100032,group90100,group90100/90100/90100032_test.jpg,group90100/90100/90100032_temp.jpg,group90100/90100_not/90100032.txt,open_circuit;short_circuit;spur;spurious_copper;pin_hole
train,group90100_90100045,group90100,group90100/90100/90100045_test.jpg,group90100/90100/90100045_temp.jpg,group90100/90100_not/90100045.txt,open_circuit;short_circuit;spur;pin_hole
train,group12100_12100042,group12100,group12100/12100/12100042_test.jpg,group12100/12100/12100042_temp.jpg,group12100/12100_not/12100042.txt,open_circuit;short_circuit;mouse_bite;spurious_copper;pin_hole
train,group12300_12300234,group12300,group12300/12300/12300234_test.jpg,group12300/12300/12300234_temp.jpg,group12300/12300_not/12300234.txt,open_circuit;short_circuit;mouse_bite;spur
train,group20085_20085322,group20085,group20085/20085/20085322_test.jpg,group20085/20085/20085322_temp.jpg,group20085/20085_not/20085322.txt,open_circuit;short_circuit;mouse_bite;spur;spurious_copper
train,group20085_20085176,group20085,group20085/20085/20085176_test.jpg,group20085/20085/20085176_temp.jpg,group20085/20085_not/20085176.txt,spur;spurious_copper;pin_hole
train,group92000_92000116,group92000,group92000/92000/92000116_test.jpg,group92000/92000/92000116_temp.jpg,group92000/92000_not/92000116.txt,open_circuit;short_circuit;spur;spurious_copper;pin_hole
train,group20085_20085248,group20085,group20085/20085/20085248_test.jpg,group20085/20085/20085248_temp.jpg,group20085/20085_not/20085248.txt,open_circuit;short_circuit;mouse_bite;spur;spurious_copper;pin_hole
train,group12100_12100172,group12100,group12100/12100/12100172_test.jpg,group12100/12100/12100172_temp.jpg,group12100/12100_not/12100172.txt,open_circuit;short_circuit;mouse_bite;spur;pin_hole
train,group20085_20085231,group20085,group20085/20085/20085231_test.jpg,group20085/20085/20085231_temp.jpg,group20085/20085_not/20085231.txt,open_circuit;short_circuit;mouse_bite;spur;spurious_copper;pin_hole
train,group50600_50600001,group50600,group50600/50600/50600001_test.jpg,group50600/50600/50600001_temp.jpg,group50600/50600_not/50600001.txt,open_circuit;short_circuit;mouse_bite;spur;spurious_copper;pin_hole
train,group44000_44000015,group44000,group44000/44000/44000015_test.jpg,group44000/44000/44000015_temp.jpg,group44000/44000_not/44000015.txt,open_circuit;short_circuit;mouse_bite;spur;spurious_copper;pin_hole
train,group20085_20085254,group20085,group20085/20085/20085254_test.jpg,group20085/20085/20085254_temp.jpg,group20085/20085_not/20085254.txt,open_circuit;short_circuit;mouse_bite;spur;spurious_copper;pin_hole
train,group13000_13000116,group13000,group13000/13000/13000116_test.jpg,group13000/13000/13000116_temp.jpg,group13000/13000_not/13000116.txt,short_circuit;mouse_bite;spurious_copper;pin_hole
train,group92000_92000095,group92000,group92000/92000/92000095_test.jpg,group92000/92000/92000095_temp.jpg,group92000/92000_not/92000095.txt,open_circuit;short_circuit;mouse_bite;pin_hole
train,group92000_92000064,group92000,group92000/92000/92000064_test.jpg,group92000/92000/92000064_temp.jpg,group92000/92000_not/92000064.txt,short_circuit;mouse_bite;spur;spurious_copper;pin_hole
train,group20085_20085135,group20085,group20085/20085/20085135_test.jpg,group20085/20085/20085135_temp.jpg,group20085/20085_not/20085135.txt,open_circuit;short_circuit;mouse_bite;spur;pin_hole
train,group12000_12000085,group12000,group12000/12000/12000085_test.jpg,group12000/12000/12000085_temp.jpg,group12000/12000_not/12000085.txt,open_circuit;short_circuit;mouse_bite;spur
train,group12100_12100121,group12100,group12100/12100/12100121_test.jpg,group12100/12100/12100121_temp.jpg,group12100/12100_not/12100121.txt,open_circuit;short_circuit;mouse_bite;spur;pin_hole
train,group90100_90100065,group90100,group90100/90100/90100065_test.jpg,group90100/90100/90100065_temp.jpg,group90100/90100_not/90100065.txt,open_circuit;short_circuit;mouse_bite;spur;spurious_copper;pin_hole
train,group00041_00041017,group00041,group00041/00041/00041017_test.jpg,group00041/00041/00041017_temp.jpg,group00041/00041_not/00041017.txt,open_circuit;mouse_bite;spur;spurious_copper;pin_hole
train,group12300_12300227,group12300,group12300/12300/12300227_test.jpg,group12300/12300/12300227_temp.jpg,group12300/12300_not/12300227.txt,open_circuit;short_circuit;mouse_bite;spur
train,group13000_13000023,group13000,group13000/13000/13000023_test.jpg,group13000/13000/13000023_temp.jpg,group13000/13000_not/13000023.txt,open_circuit;short_circuit;mouse_bite;spur;spurious_copper;pin_hole
train,group13000_13000182,group13000,group13000/13000/13000182_test.jpg,group13000/13000/13000182_temp.jpg,group13000/13000_not/13000182.txt,open_circuit;mouse_bite;spur;spurious_copper;pin_hole
train,group77000_77000071,group77000,group77000/77000/77000071_test.jpg,group77000/77000/77000071_temp.jpg,group77000/77000_not/77000071.txt,open_circuit;short_circuit;spurious_copper;pin_hole
train,group12100_12100011,group12100,group12100/12100/12100011_test.jpg,group12100/12100/12100011_temp.jpg,group12100/12100_not/12100011.txt,open_circuit;short_circuit;spur;spurious_copper;pin_hole
train,group13000_13000089,group13000,group13000/13000/13000089_test.jpg,group13000/13000/13000089_temp.jpg,group13000/13000_not/13000089.txt,mouse_bite;spur;spurious_copper;pin_hole
train,group50600_50600031,group50600,group50600/50600/50600031_test.jpg,group50600/50600/50600031_temp.jpg,group50600/50600_not/50600031.txt,open_circuit;spur;spurious_copper;pin_hole
train,group50600_50600009,group50600,group50600/50600/50600009_test.jpg,group50600/50600/50600009_temp.jpg,group50600/50600_not/50600009.txt,open_circuit;mouse_bite;spur;pin_hole
train,group77000_77000091,group77000,group77000/77000/77000091_test.jpg,group77000/77000/77000091_temp.jpg,group77000/77000_not/77000091.txt,open_circuit;mouse_bite;spur;pin_hole
train,group00041_00041087,group00041,group00041/00041/00041087_test.jpg,group00041/00041/00041087_temp.jpg,group00041/00041_not/00041087.txt,open_circuit;short_circuit;mouse_bite;spurious_copper;pin_hole
train,group00041_00041195,group00041,group00041/00041/00041195_test.jpg,group00041/00041/00041195_temp.jpg,group00041/00041_not/00041195.txt,open_circuit;mouse_bite;spur;spurious_copper;pin_hole
train,group13000_13000050,group13000,group13000/13000/13000050_test.jpg,group13000/13000/13000050_temp.jpg,group13000/13000_not/13000050.txt,open_circuit;short_circuit;mouse_bite;spur;spurious_copper;pin_hole
train,group00041_00041010,group00041,group00041/00041/00041010_test.jpg,group00041/00041/00041010_temp.jpg,group00041/00041_not/00041010.txt,open_circuit;short_circuit;mouse_bite;spur;spurious_copper;pin_hole
train,group92000_92000048,group92000,group92000/92000/92000048_test.jpg,group92000/92000/92000048_temp.jpg,group92000/92000_not/92000048.txt,open_circuit;spur;pin_hole
train,group12100_12100047,group12100,group12100/12100/12100047_test.jpg,group12100/12100/12100047_temp.jpg,group12100/12100_not/12100047.txt,open_circuit;short_circuit;mouse_bite;spur;spurious_copper;pin_hole
train,group13000_13000131,group13000,group13000/13000/13000131_test.jpg,group13000/13000/13000131_temp.jpg,group13000/13000_not/13000131.txt,mouse_bite;spur
train,group12100_12100051,group12100,group12100/12100/12100051_test.jpg,group12100/12100/12100051_temp.jpg,group12100/12100_not/12100051.txt,open_circuit;short_circuit;mouse_bite;spurious_copper;pin_hole
train,group12100_12100168,group12100,group12100/12100/12100168_test.jpg,group12100/12100/12100168_temp.jpg,group12100/12100_not/12100168.txt,open_circuit;short_circuit;mouse_bite;spur;spurious_copper;pin_hole
train,group12100_12100029,group12100,group12100/12100/12100029_test.jpg,group12100/12100/12100029_temp.jpg,group12100/12100_not/12100029.txt,open_circuit;short_circuit;mouse_bite;spurious_copper;pin_hole
train,group12100_12100183,group12100,group12100/12100/12100183_test.jpg,group12100/12100/12100183_temp.jpg,group12100/12100_not/12100183.txt,open_circuit;short_circuit;mouse_bite;spur;spurious_copper;pin_hole
train,group90100_90100036,group90100,group90100/90100/90100036_test.jpg,group90100/90100/90100036_temp.jpg,group90100/90100_not/90100036.txt,open_circuit;short_circuit;mouse_bite;spurious_copper;pin_hole
train,group77000_77000053,group77000,group77000/77000/77000053_test.jpg,group77000/77000/77000053_temp.jpg,group77000/77000_not/77000053.txt,spurious_copper
train,group20085_20085304,group20085,group20085/20085/20085304_test.jpg,group20085/20085/20085304_temp.jpg,group20085/20085_not/20085304.txt,open_circuit;short_circuit;mouse_bite;spur;pin_hole
train,group44000_44000084,group44000,group44000/44000/44000084_test.jpg,group44000/44000/44000084_temp.jpg,group44000/44000_not/44000084.txt,open_circuit;short_circuit;mouse_bite;spurious_copper;pin_hole
train,group20085_20085262,group20085,group20085/20085/20085262_test.jpg,group20085/20085/20085262_temp.jpg,group20085/20085_not/20085262.txt,open_circuit;short_circuit;spur;spurious_copper;pin_hole
train,group44000_44000022,group44000,group44000/44000/44000022_test.jpg,group44000/44000/44000022_temp.jpg,group44000/44000_not/44000022.txt,open_circuit;short_circuit;mouse_bite;spur;spurious_copper;pin_hole
train,group77000_77000041,group77000,group77000/77000/77000041_test.jpg,group77000/77000/77000041_temp.jpg,group77000/77000_not/77000041.txt,open_circuit;mouse_bite;spur;spurious_copper;pin_hole
train,group20085_20085107,group20085,group20085/20085/20085107_test.jpg,group20085/20085/20085107_temp.jpg,group20085/20085_not/20085107.txt,open_circuit;short_circuit;mouse_bite;spur;spurious_copper;pin_hole
train,group77000_77000060,group77000,group77000/77000/77000060_test.jpg,group77000/77000/77000060_temp.jpg,group77000/77000_not/77000060.txt,open_circuit;short_circuit;spur;pin_hole
train,group13000_13000145,group13000,group13000/13000/13000145_test.jpg,group13000/13000/13000145_temp.jpg,group13000/13000_not/13000145.txt,open_circuit;short_circuit;spur;spurious_copper;pin_hole
train,group92000_92000001,group92000,group92000/92000/92000001_test.jpg,group92000/92000/92000001_temp.jpg,group92000/92000_not/92000001.txt,open_circuit;short_circuit;mouse_bite;spur;spurious_copper;pin_hole
train,group92000_92000047,group92000,group92000/92000/92000047_test.jpg,group92000/92000/92000047_temp.jpg,group92000/92000_not/92000047.txt,open_circuit;short_circuit;mouse_bite;spur;spurious_copper;pin_hole
train,group20085_20085260,group20085,group20085/20085/20085260_test.jpg,group20085/20085/20085260_temp.jpg,group20085/20085_not/20085260.txt,open_circuit;short_circuit;mouse_bite;spur;spurious_copper;pin_hole
train,group12300_12300230,group12300,group12300/12300/12300230_test.jpg,group12300/12300/12300230_temp.jpg,group12300/12300_not/12300230.txt,open_circuit;mouse_bite;spurious_copper;pin_hole
train,group92000_92000003,group92000,group92000/92000/92000003_test.jpg,group92000/92000/92000003_temp.jpg,group92000/92000_not/92000003.txt,short_circuit;mouse_bite;spur;spurious_copper;pin_hole
train,group92000_92000070,group92000,group92000/92000/92000070_test.jpg,group92000/92000/92000070_temp.jpg,group92000/92000_not/92000070.txt,open_circuit;mouse_bite;spur;pin_hole
train,group12100_12100016,group12100,group12100/12100/12100016_test.jpg,group12100/12100/12100016_temp.jpg,group12100/12100_not/12100016.txt,open_circuit;mouse_bite;spur;spurious_copper;pin_hole
train,group44000_44000109,group44000,group44000/44000/44000109_test.jpg,group44000/44000/44000109_temp.jpg,group44000/44000_not/44000109.txt,open_circuit;short_circuit;mouse_bite;spur;spurious_copper;pin_hole
train,group12100_12100039,group12100,group12100/12100/12100039_test.jpg,group12100/12100/12100039_temp.jpg,group12100/12100_not/12100039.txt,open_circuit;short_circuit;mouse_bite;spur;spurious_copper;pin_hole
train,group20085_20085054,group20085,group20085/20085/20085054_test.jpg,group20085/20085/20085054_temp.jpg,group20085/20085_not/20085054.txt,open_circuit;short_circuit;mouse_bite;spur;spurious_copper;pin_hole
train,group20085_20085289,group20085,group20085/20085/20085289_test.jpg,group20085/20085/20085289_temp.jpg,group20085/20085_not/20085289.txt,open_circuit;short_circuit;mouse_bite;spur;pin_hole
train,group20085_20085156,group20085,group20085/20085/20085156_test.jpg,group20085/20085/20085156_temp.jpg,group20085/20085_not/20085156.txt,mouse_bite;spur;spurious_copper;pin_hole
train,group13000_13000016,group13000,group13000/13000/13000016_test.jpg,group13000/13000/13000016_temp.jpg,group13000/13000_not/13000016.txt,mouse_bite;spur;spurious_copper
train,group20085_20085153,group20085,group20085/20085/20085153_test.jpg,group20085/20085/20085153_temp.jpg,group20085/20085_not/20085153.txt,open_circuit;short_circuit;mouse_bite;spur;spurious_copper;pin_hole
train,group92000_92000009,group92000,group92000/92000/92000009_test.jpg,group92000/92000/92000009_temp.jpg,group92000/92000_not/92000009.txt,open_circuit;short_circuit;spurious_copper;pin_hole
train,group12100_12100041,group12100,group12100/12100/12100041_test.jpg,group12100/12100/12100041_temp.jpg,group12100/12100_not/12100041.txt,open_circuit;short_circuit;spur;spurious_copper;pin_hole
train,group13000_13000187,group13000,group13000/13000/13000187_test.jpg,group13000/13000/13000187_temp.jpg,group13000/13000_not/13000187.txt,short_circuit;mouse_bite;spurious_copper;pin_hole
train,group44000_44000049,group44000,group44000/44000/44000049_test.jpg,group44000/44000/44000049_temp.jpg,group44000/44000_not/44000049.txt,open_circuit;short_circuit;mouse_bite;spurious_copper;pin_hole
train,group20085_20085246,group20085,group20085/20085/20085246_test.jpg,group20085/20085/20085246_temp.jpg,group20085/20085_not/20085246.txt,open_circuit;short_circuit;mouse_bite;spur;spurious_copper
train,group77000_77000085,group77000,group77000/77000/77000085_test.jpg,group77000/77000/77000085_temp.jpg,group77000/77000_not/77000085.txt,open_circuit;mouse_bite;spur;spurious_copper;pin_hole
train,group20085_20085108,group20085,group20085/20085/20085108_test.jpg,group20085/20085/20085108_temp.jpg,group20085/20085_not/20085108.txt,open_circuit;short_circuit;mouse_bite;spurious_copper;pin_hole
train,group12300_12300240,group12300,group12300/12300/12300240_test.jpg,group12300/12300/12300240_temp.jpg,group12300/12300_not/12300240.txt,open_circuit;short_circuit;mouse_bite;spurious_copper;pin_hole
train,group13000_13000171,group13000,group13000/13000/13000171_test.jpg,group13000/13000/13000171_temp.jpg,group13000/13000_not/13000171.txt,mouse_bite;spur;spurious_copper;pin_hole
train,group12100_12100190,group12100,group12100/12100/12100190_test.jpg,group12100/12100/12100190_temp.jpg,group12100/12100_not/12100190.txt,open_circuit;short_circuit;mouse_bite;spur;spurious_copper;pin_hole
train,group12300_12300153,group12300,group12300/12300/12300153_test.jpg,group12300/12300/12300153_temp.jpg,group12300/12300_not/12300153.txt,open_circuit;short_circuit;mouse_bite;spur;spurious_copper;pin_hole
train,group00041_00041108,group00041,group00041/00041/00041108_test.jpg,group00041/00041/00041108_temp.jpg,group00041/00041_not/00041108.txt,open_circuit;short_circuit;mouse_bite;spur;spurious_copper;pin_hole
train,group92000_92000031,group92000,group92000/92000/92000031_test.jpg,group92000/92000/92000031_temp.jpg,group92000/92000_not/92000031.txt,open_circuit;short_circuit;mouse_bite;spur
train,group77000_77000039,group77000,group77000/77000/77000039_test.jpg,group77000/77000/77000039_temp.jpg,group77000/77000_not/77000039.txt,open_circuit;mouse_bite;spur;spurious_copper;pin_hole
train,group00041_00041012,group00041,group00041/00041/00041012_test.jpg,group00041/00041/00041012_temp.jpg,group00041/00041_not/00041012.txt,open_circuit;short_circuit;mouse_bite;spurious_copper
train,group12100_12100169,group12100,group12100/12100/12100169_test.jpg,group12100/12100/12100169_temp.jpg,group12100/12100_not/12100169.txt,open_circuit;short_circuit;spur;spurious_copper;pin_hole
train,group90100_90100019,group90100,group90100/90100/90100019_test.jpg,group90100/90100/90100019_temp.jpg,group90100/90100_not/90100019.txt,open_circuit;short_circuit;mouse_bite;spur;spurious_copper;pin_hole
train,group13000_13000039,group13000,group13000/13000/13000039_test.jpg,group13000/13000/13000039_temp.jpg,group13000/13000_not/13000039.txt,open_circuit;mouse_bite;spur;spurious_copper;pin_hole
train,group20085_20085167,group20085,group20085/20085/20085167_test.jpg,group20085/20085/20085167_temp.jpg,group20085/20085_not/20085167.txt,spurious_copper
train,group12100_12100199,group12100,group12100/12100/12100199_test.jpg,group12100/12100/12100199_temp.jpg,group12100/12100_not/12100199.txt,open_circuit;short_circuit;mouse_bite;spur;spurious_copper;pin_hole
train,group13000_13000198,group13000,group13000/13000/13000198_test.jpg,group13000/13000/13000198_temp.jpg,group13000/13000_not/13000198.txt,open_circuit;mouse_bite;spurious_copper;pin_hole
train,group77000_77000009,group77000,group77000/77000/77000009_test.jpg,group77000/77000/77000009_temp.jpg,group77000/77000_not/77000009.txt,short_circuit;mouse_bite;spur;spurious_copper;pin_hole
train,group13000_13000066,group13000,group13000/13000/13000066_test.jpg,group13000/13000/13000066_temp.jpg,group13000/13000_not/13000066.txt,open_circuit;short_circuit;mouse_bite;spurious_copper;pin_hole
train,group12100_12100175,group12100,group12100/12100/12100175_test.jpg,group12100/12100/12100175_temp.jpg,group12100/12100_not/12100175.txt,open_circuit;mouse_bite;spurious_copper;pin_hole
train,group00041_00041042,group00041,group00041/00041/00041042_test.jpg,group00041/00041/00041042_temp.jpg,group00041/00041_not/00041042.txt,open_circuit;short_circuit;mouse_bite;spur;spurious_copper;pin_hole
train,group13000_13000100,group13000,group13000/13000/13000100_test.jpg,group13000/13000/13000100_temp.jpg,group13000/13000_not/13000100.txt,open_circuit;short_circuit;spur;spurious_copper;pin_hole
train,group00041_00041123,group00041,group00041/00041/00041123_test.jpg,group00041/00041/00041123_temp.jpg,group00041/00041_not/00041123.txt,open_circuit;short_circuit;mouse_bite;spur;spurious_copper;pin_hole
train,group50600_50600047,group50600,group50600/50600/50600047_test.jpg,group50600/50600/50600047_temp.jpg,group50600/50600_not/50600047.txt,open_circuit;short_circuit;spur;spurious_copper;pin_hole
train,group20085_20085005,group20085,group20085/20085/20085005_test.jpg,group20085/20085/20085005_temp.jpg,group20085/20085_not/20085005.txt,short_circuit;mouse_bite;spur;spurious_copper;pin_hole
train,group44000_44000011,group44000,group44000/44000/44000011_test.jpg,group44000/44000/44000011_temp.jpg,group44000/44000_not/44000011.txt,open_circuit;short_circuit;mouse_bite;spur;spurious_copper;pin_hole
train,group20085_20085264,group20085,group20085/20085/20085264_test.jpg,group20085/20085/20085264_temp.jpg,group20085/20085_not/20085264.txt,open_circuit;short_circuit;mouse_bite;spur;spurious_copper;pin_hole
train,group50600_50600004,group50600,group50600/50600/50600004_test.jpg,group50600/50600/50600004_temp.jpg,group50600/50600_not/50600004.txt,open_circuit;short_circuit;mouse_bite;pin_hole
train,group12100_12100013,group12100,group12100/12100/12100013_test.jpg,group12100/12100/12100013_temp.jpg,group12100/12100_not/12100013.txt,open_circuit;short_circuit;mouse_bite;spur;spurious_copper;pin_hole
train,group77000_77000032,group77000,group77000/77000/77000032_test.jpg,group77000/77000/77000032_temp.jpg,group77000/77000_not/77000032.txt,open_circuit;mouse_bite;spur;pin_hole
train,group44000_44000043,group44000,group44000/44000/44000043_test.jpg,group44000/44000/44000043_temp.jpg,group44000/44000_not/44000043.txt,open_circuit;short_circuit;mouse_bite;spur;spurious_copper;pin_hole
train,group77000_77000020,group77000,group77000/77000/77000020_test.jpg,group77000/77000/77000020_temp.jpg,group77000/77000_not/77000020.txt,open_circuit;short_circuit;mouse_bite;spur;spurious_copper;pin_hole
train,group00041_00041077,group00041,group00041/00041/00041077_test.jpg,group00041/00041/00041077_temp.jpg,group00041/00041_not/00041077.txt,open_circuit;short_circuit;mouse_bite;spur;spurious_copper;pin_hole
train,group90100_90100082,group90100,group90100/90100/90100082_test.jpg,group90100/90100/90100082_temp.jpg,group90100/90100_not/90100082.txt,open_circuit;short_circuit;mouse_bite;spurious_copper;pin_hole
train,group90100_90100052,group90100,group90100/90100/90100052_test.jpg,group90100/90100/90100052_temp.jpg,group90100/90100_not/90100052.txt,open_circuit;short_circuit;spur;pin_hole
train,group12300_12300115,group12300,group12300/12300/12300115_test.jpg,group12300/12300/12300115_temp.jpg,group12300/12300_not/12300115.txt,open_circuit;short_circuit;spur;pin_hole
train,group12300_12300063,group12300,group12300/12300/12300063_test.jpg,group12300/12300/12300063_temp.jpg,group12300/12300_not/12300063.txt,open_circuit;mouse_bite;spurious_copper;pin_hole
train,group13000_13000214,group13000,group13000/13000/13000214_test.jpg,group13000/13000/13000214_temp.jpg,group13000/13000_not/13000214.txt,open_circuit;short_circuit;mouse_bite;spurious_copper;pin_hole
train,group20085_20085162,group20085,group20085/20085/20085162_test.jpg,group20085/20085/20085162_temp.jpg,group20085/20085_not/20085162.txt,mouse_bite;spur;spurious_copper;pin_hole
train,group12100_12100139,group12100,group12100/12100/12100139_test.jpg,group12100/12100/12100139_temp.jpg,group12100/12100_not/12100139.txt,open_circuit;short_circuit;mouse_bite;spur
train,group00041_00041026,group00041,group00041/00041/00041026_test.jpg,group00041/00041/00041026_temp.jpg,group00041/00041_not/00041026.txt,open_circuit;short_circuit;mouse_bite;spur;spurious_copper;pin_hole
train,group92000_92000053,group92000,group92000/92000/92000053_test.jpg,group92000/92000/92000053_temp.jpg,group92000/92000_not/92000053.txt,open_circuit;mouse_bite;spurious_copper;pin_hole
train,group77000_77000051,group77000,group77000/77000/77000051_test.jpg,group77000/77000/77000051_temp.jpg,group77000/77000_not/77000051.txt,open_circuit;short_circuit;mouse_bite;spur;pin_hole
train,group77000_77000084,group77000,group77000/77000/77000084_test.jpg,group77000/77000/77000084_temp.jpg,group77000/77000_not/77000084.txt,open_circuit;mouse_bite;spur;spurious_copper;pin_hole
train,group50600_50600059,group50600,group50600/50600/50600059_test.jpg,group50600/50600/50600059_temp.jpg,group50600/50600_not/50600059.txt,open_circuit;short_circuit;spur;spurious_copper;pin_hole
train,group20085_20085079,group20085,group20085/20085/20085079_test.jpg,group20085/20085/20085079_temp.jpg,group20085/20085_not/20085079.txt,open_circuit;short_circuit;spur;pin_hole
train,group20085_20085265,group20085,group20085/20085/20085265_test.jpg,group20085/20085/20085265_temp.jpg,group20085/20085_not/20085265.txt,open_circuit;short_circuit;mouse_bite;spur;spurious_copper;pin_hole
train,group20085_20085314,group20085,group20085/20085/20085314_test.jpg,group20085/20085/20085314_temp.jpg,group20085/20085_not/20085314.txt,open_circuit;short_circuit;mouse_bite;spur;spurious_copper
train,group13000_13000141,group13000,group13000/13000/13000141_test.jpg,group13000/13000/13000141_temp.jpg,group13000/13000_not/13000141.txt,open_circuit;mouse_bite;spur;spurious_copper;pin_hole
train,group00041_00041171,group00041,group00041/00041/00041171_test.jpg,group00041/00041/00041171_temp.jpg,group00041/00041_not/00041171.txt,open_circuit;short_circuit;spur;spurious_copper;pin_hole
train,group12100_12100197,group12100,group12100/12100/12100197_test.jpg,group12100/12100/12100197_temp.jpg,group12100/12100_not/12100197.txt,open_circuit;short_circuit;mouse_bite;spurious_copper;pin_hole
train,group90100_90100001,group90100,group90100/90100/90100001_test.jpg,group90100/90100/90100001_temp.jpg,group90100/90100_not/90100001.txt,open_circuit;short_circuit;mouse_bite;spur;spurious_copper;pin_hole
train,group44000_44000066,group44000,group44000/44000/44000066_test.jpg,group44000/44000/44000066_temp.jpg,group44000/44000_not/44000066.txt,open_circuit;mouse_bite;spur;spurious_copper;pin_hole
train,group20085_20085311,group20085,group20085/20085/20085311_test.jpg,group20085/20085/20085311_temp.jpg,group20085/20085_not/20085311.txt,short_circuit
train,group77000_77000046,group77000,group77000/77000/77000046_test.jpg,group77000/77000/77000046_temp.jpg,group77000/77000_not/77000046.txt,open_circuit;mouse_bite;spur;spurious_copper;pin_hole
train,group90100_90100043,group90100,group90100/90100/90100043_test.jpg,group90100/90100/90100043_temp.jpg,group90100/90100_not/90100043.txt,open_circuit;short_circuit;mouse_bite;spur;spurious_copper;pin_hole
train,group50600_50600078,group50600,group50600/50600/50600078_test.jpg,group50600/50600/50600078_temp.jpg,group50600/50600_not/50600078.txt,open_circuit;short_circuit;mouse_bite;spur;spurious_copper;pin_hole
train,group13000_13000206,group13000,group13000/13000/13000206_test.jpg,group13000/13000/13000206_temp.jpg,group13000/13000_not/13000206.txt,open_circuit;mouse_bite;spurious_copper
train,group50600_50600006,group50600,group50600/50600/50600006_test.jpg,group50600/50600/50600006_temp.jpg,group50600/50600_not/50600006.txt,open_circuit;short_circuit;spur;spurious_copper;pin_hole
train,group00041_00041129,group00041,group00041/00041/00041129_test.jpg,group00041/00041/00041129_temp.jpg,group00041/00041_not/00041129.txt,open_circuit;short_circuit;mouse_bite;spur;spurious_copper
train,group20085_20085199,group20085,group20085/20085/20085199_test.jpg,group20085/20085/20085199_temp.jpg,group20085/20085_not/20085199.txt,short_circuit;mouse_bite;spur;spurious_copper;pin_hole
train,group90100_90100083,group90100,group90100/90100/90100083_test.jpg,group90100/90100/90100083_temp.jpg,group90100/90100_not/90100083.txt,open_circuit;short_circuit;mouse_bite;spurious_copper;pin_hole
train,group13000_13000157,group13000,group13000/13000/13000157_test.jpg,group13000/13000/13000157_temp.jpg,group13000/13000_not/13000157.txt,open_circuit;mouse_bite;spur;spurious_copper;pin_hole
train,group92000_92000092,group92000,group92000/92000/92000092_test.jpg,group92000/92000/92000092_temp.jpg,group92000/92000_not/92000092.txt,open_circuit;mouse_bite;spur;spurious_copper;pin_hole
train,group50600_50600040,group50600,group50600/50600/50600040_test.jpg,group50600/50600/50600040_temp.jpg,group50600/50600_not/50600040.txt,open_circuit;mouse_bite;spurious_copper;pin_hole
train,group20085_20085208,group20085,group20085/20085/20085208_test.jpg,group20085/20085/20085208_temp.jpg,group20085/20085_not/20085208.txt,short_circuit;mouse_bite;spur;spurious_copper;pin_hole
train,group00041_00041031,group00041,group00041/00041/00041031_test.jpg,group00041/00041/00041031_temp.jpg,group00041/00041_not/00041031.txt,open_circuit;short_circuit;mouse_bite;spurious_copper;pin_hole
train,group20085_20085077,group20085,group20085/20085/20085077_test.jpg,group20085/20085/20085077_temp.jpg,group20085/20085_not/20085077.txt,open_circuit;short_circuit;mouse_bite;spur
train,group00041_00041041,group00041,group00041/00041/00041041_test.jpg,group00041/00041/00041041_temp.jpg,group00041/00041_not/00041041.txt,open_circuit;mouse_bite;spur;spurious_copper;pin_hole
train,group13000_13000188,group13000,group13000/13000/13000188_test.jpg,group13000/13000/13000188_temp.jpg,group13000/13000_not/13000188.txt,open_circuit;mouse_bite;spur;spurious_copper
train,group00041_00041070,group00041,group00041/00041/00041070_test.jpg,group00041/00041/00041070_temp.jpg,group00041/00041_not/00041070.txt,open_circuit;short_circuit;mouse_bite;spurious_copper;pin_hole
train,group13000_13000186,group13000,group13000/13000/13000186_test.jpg,group13000/13000/13000186_temp.jpg,group13000/13000_not/13000186.txt,open_circuit;mouse_bite;spur;pin_hole
train,group44000_44000105,group44000,group44000/44000/44000105_test.jpg,group44000/44000/44000105_temp.jpg,group44000/44000_not/44000105.txt,open_circuit;short_circuit;spur;spurious_copper;pin_hole
train,group12100_12100178,group12100,group12100/12100/12100178_test.jpg,group12100/12100/12100178_temp.jpg,group12100/12100_not/12100178.txt,open_circuit;mouse_bite;spur;spurious_copper
train,group00041_00041053,group00041,group00041/00041/00041053_test.jpg,group00041/00041/00041053_temp.jpg,group00041/00041_not/00041053.txt,open_circuit;short_circuit;mouse_bite;spur;spurious_copper;pin_hole
train,group92000_92000027,group92000,group92000/92000/92000027_test.jpg,group92000/92000/92000027_temp.jpg,group92000/92000_not/92000027.txt,open_circuit;short_circuit;spurious_copper;pin_hole
train,group20085_20085072,group20085,group20085/20085/20085072_test.jpg,group20085/20085/20085072_temp.jpg,group20085/20085_not/20085072.txt,open_circuit;short_circuit;mouse_bite
train,group50600_50600026,group50600,group50600/50600/50600026_test.jpg,group50600/50600/50600026_temp.jpg,group50600/50600_not/50600026.txt,open_circuit;short_circuit;mouse_bite;spur;spurious_copper
train,group50600_50600065,group50600,group50600/50600/50600065_test.jpg,group50600/50600/50600065_temp.jpg,group50600/50600_not/50600065.txt,open_circuit;short_circuit;spur;pin_hole
train,group00041_00041083,group00041,group00041/00041/00041083_test.jpg,group00041/00041/00041083_temp.jpg,group00041/00041_not/00041083.txt,open_circuit;mouse_bite;spur;spurious_copper;pin_hole
train,group12100_12100023,group12100,group12100/12100/12100023_test.jpg,group12100/12100/12100023_temp.jpg,group12100/12100_not/12100023.txt,open_circuit;short_circuit;mouse_bite;spurious_copper;pin_hole
train,group50600_50600011,group50600,group50600/50600/50600011_test.jpg,group50600/50600/50600011_temp.jpg,group50600/50600_not/50600011.txt,open_circuit;mouse_bite;spur;spurious_copper;pin_hole
train,group20085_20085075,group20085,group20085/20085/20085075_test.jpg,group20085/20085/20085075_temp.jpg,group20085/20085_not/20085075.txt,open_circuit;short_circuit;mouse_bite;spur;spurious_copper
train,group12100_12100049,group12100,group12100/12100/12100049_test.jpg,group12100/12100/12100049_temp.jpg,group12100/12100_not/12100049.txt,open_circuit;short_circuit;spurious_copper;pin_hole
train,group20085_20085114,group20085,group20085/20085/20085114_test.jpg,group20085/20085/20085114_temp.jpg,group20085/20085_not/20085114.txt,open_circuit;short_circuit;mouse_bite;spur;spurious_copper
train,group20085_20085084,group20085,group20085/20085/20085084_test.jpg,group20085/20085/20085084_temp.jpg,group20085/20085_not/20085084.txt,open_circuit;short_circuit;spur;spurious_copper;pin_hole
train,group12100_12100165,group12100,group12100/12100/12100165_test.jpg,group12100/12100/12100165_temp.jpg,group12100/12100_not/12100165.txt,open_circuit;short_circuit;mouse_bite;spur;spurious_copper;pin_hole
train,group92000_92000030,group92000,group92000/92000/92000030_test.jpg,group92000/92000/92000030_temp.jpg,group92000/92000_not/92000030.txt,open_circuit;mouse_bite;spurious_copper;pin_hole
train,group12300_12300235,group12300,group12300/12300/12300235_test.jpg,group12300/12300/12300235_temp.jpg,group12300/12300_not/12300235.txt,open_circuit;short_circuit;mouse_bite;spur;pin_hole
train,group00041_00041216,group00041,group00041/00041/00041216_test.jpg,group00041/00041/00041216_temp.jpg,group00041/00041_not/00041216.txt,open_circuit;mouse_bite;spur;spurious_copper;pin_hole
train,group12100_12100155,group12100,group12100/12100/12100155_test.jpg,group12100/12100/12100155_temp.jpg,group12100/12100_not/12100155.txt,open_circuit;mouse_bite;spur
train,group92000_92000089,group92000,group92000/92000/92000089_test.jpg,group92000/92000/92000089_temp.jpg,group92000/92000_not/92000089.txt,open_circuit;short_circuit;mouse_bite;spurious_copper;pin_hole
train,group12100_12100031,group12100,group12100/12100/12100031_test.jpg,group12100/12100/12100031_temp.jpg,group12100/12100_not/12100031.txt,open_circuit;short_circuit;mouse_bite;spur;spurious_copper;pin_hole
train,group92000_92000059,group92000,group92000/92000/92000059_test.jpg,group92000/92000/92000059_temp.jpg,group92000/92000_not/92000059.txt,open_circuit;mouse_bite;spur;spurious_copper;pin_hole
train,group90100_90100073,group90100,group90100/90100/90100073_test.jpg,group90100/90100/90100073_temp.jpg,group90100/90100_not/90100073.txt,open_circuit;short_circuit;mouse_bite;spurious_copper;pin_hole
train,group12300_12300242,group12300,group12300/12300/12300242_test.jpg,group12300/12300/12300242_temp.jpg,group12300/12300_not/12300242.txt,open_circuit;short_circuit;mouse_bite;spur;spurious_copper;pin_hole
train,group77000_77000076,group77000,group77000/77000/77000076_test.jpg,group77000/77000/77000076_temp.jpg,group77000/77000_not/77000076.txt,open_circuit;short_circuit;mouse_bite;spur;spurious_copper;pin_hole
train,group77000_77000068,group77000,group77000/77000/77000068_test.jpg,group77000/77000/77000068_temp.jpg,group77000/77000_not/77000068.txt,open_circuit;spur;pin_hole
train,group13000_13000179,group13000,group13000/13000/13000179_test.jpg,group13000/13000/13000179_temp.jpg,group13000/13000_not/13000179.txt,open_circuit;mouse_bite;spurious_copper;pin_hole
train,group92000_92000000,group92000,group92000/92000/92000000_test.jpg,group92000/92000/92000000_temp.jpg,group92000/92000_not/92000000.txt,open_circuit;short_circuit;mouse_bite;spur;spurious_copper;pin_hole
train,group92000_92000069,group92000,group92000/92000/92000069_test.jpg,group92000/92000/92000069_temp.jpg,group92000/92000_not/92000069.txt,open_circuit;short_circuit;mouse_bite;spur;pin_hole
train,group44000_44000052,group44000,group44000/44000/44000052_test.jpg,group44000/44000/44000052_temp.jpg,group44000/44000_not/44000052.txt,open_circuit;short_circuit;mouse_bite;spur;spurious_copper;pin_hole
train,group50600_50600012,group50600,group50600/50600/50600012_test.jpg,group50600/50600/50600012_temp.jpg,group50600/50600_not/50600012.txt,open_circuit;short_circuit;spur;pin_hole
train,group13000_13000127,group13000,group13000/13000/13000127_test.jpg,group13000/13000/13000127_temp.jpg,group13000/13000_not/13000127.txt,short_circuit;mouse_bite;spur;spurious_copper;pin_hole
train,group50600_50600070,group50600,group50600/50600/50600070_test.jpg,group50600/50600/50600070_temp.jpg,group50600/50600_not/50600070.txt,open_circuit;short_circuit;spur
train,group00041_00041027,group00041,group00041/00041/00041027_test.jpg,group00041/00041/00041027_temp.jpg,group00041/00041_not/00041027.txt,open_circuit;short_circuit;mouse_bite;spur;spurious_copper;pin_hole
train,group50600_50600024,group50600,group50600/50600/50600024_test.jpg,group50600/50600/50600024_temp.jpg,group50600/50600_not/50600024.txt,open_circuit;short_circuit;mouse_bite;spur;spurious_copper;pin_hole
train,group13000_13000158,group13000,group13000/13000/13000158_test.jpg,group13000/13000/13000158_temp.jpg,group13000/13000_not/13000158.txt,open_circuit;mouse_bite;spurious_copper;pin_hole
train,group90100_90100064,group90100,group90100/90100/90100064_test.jpg,group90100/90100/90100064_temp.jpg,group90100/90100_not/90100064.txt,open_circuit;short_circuit;spur;spurious_copper;pin_hole
train,group12300_12300248,group12300,group12300/12300/12300248_test.jpg,group12300/12300/12300248_temp.jpg,group12300/12300_not/12300248.txt,open_circuit;short_circuit;mouse_bite;spur;pin_hole
train,group12300_12300123,group12300,group12300/12300/12300123_test.jpg,group12300/12300/12300123_temp.jpg,group12300/12300_not/12300123.txt,open_circuit;short_circuit;mouse_bite;spur;spurious_copper;pin_hole
train,group20085_20085000,group20085,group20085/20085/20085000_test.jpg,group20085/20085/20085000_temp.jpg,group20085/20085_not/20085000.txt,mouse_bite;spur;spurious_copper;pin_hole
train,group13000_13000205,group13000,group13000/13000/13000205_test.jpg,group13000/13000/13000205_temp.jpg,group13000/13000_not/13000205.txt,open_circuit;mouse_bite;spur;spurious_copper;pin_hole
train,group12100_12100044,group12100,group12100/12100/12100044_test.jpg,group12100/12100/12100044_temp.jpg,group12100/12100_not/12100044.txt,open_circuit;short_circuit;mouse_bite;spur;spurious_copper;pin_hole
train,group13000_13000138,group13000,group13000/13000/13000138_test.jpg,group13000/13000/13000138_temp.jpg,group13000/13000_not/13000138.txt,open_circuit;short_circuit;spur;spurious_copper;pin_hole
train,group20085_20085057,group20085,group20085/20085/20085057_test.jpg,group20085/20085/20085057_temp.jpg,group20085/20085_not/20085057.txt,open_circuit;short_circuit;spur;spurious_copper;pin_hole
train,group13000_13000072,group13000,group13000/13000/13000072_test.jpg,group13000/13000/13000072_temp.jpg,group13000/13000_not/13000072.txt,open_circuit;spur;spurious_copper;pin_hole
train,group44000_44000103,group44000,group44000/44000/44000103_test.jpg,group44000/44000/44000103_temp.jpg,group44000/44000_not/44000103.txt,open_circuit;short_circuit;mouse_bite;spur;spurious_copper;pin_hole
train,group50600_50600051,group50600,group50600/50600/50600051_test.jpg,group50600/50600/50600051_temp.jpg,group50600/50600_not/50600051.txt,open_circuit;short_circuit;mouse_bite;spur;spurious_copper
train,group00041_00041020,group00041,group00041/00041/00041020_test.jpg,group00041/00041/00041020_temp.jpg,group00041/00041_not/00041020.txt,open_circuit;mouse_bite;spur
train,group13000_13000119,group13000,group13000/13000/13000119_test.jpg,group13000/13000/13000119_temp.jpg,group13000/13000_not/13000119.txt,open_circuit;short_circuit;mouse_bite;spur;spurious_copper
train,group77000_77000036,group77000,group77000/77000/77000036_test.jpg,group77000/77000/77000036_temp.jpg,group77000/77000_not/77000036.txt,mouse_bite;spur;spurious_copper;pin_hole
train,group20085_20085157,group20085,group20085/20085/20085157_test.jpg,group20085/20085/20085157_temp.jpg,group20085/20085_not/20085157.txt,mouse_bite;spur;spurious_copper;pin_hole
train,group00041_00041211,group00041,group00041/00041/00041211_test.jpg,group00041/00041/00041211_temp.jpg,group00041/00041_not/00041211.txt,open_circuit;mouse_bite;spur;pin_hole
train,group77000_77000105,group77000,group77000/77000/77000105_test.jpg,group77000/77000/77000105_temp.jpg,group77000/77000_not/77000105.txt,open_circuit;mouse_bite;spur;spurious_copper;pin_hole
train,group20085_20085028,group20085,group20085/20085/20085028_test.jpg,group20085/20085/20085028_temp.jpg,group20085/20085_not/20085028.txt,open_circuit;short_circuit;mouse_bite;spur;spurious_copper;pin_hole
train,group44000_44000017,group44000,group44000/44000/44000017_test.jpg,group44000/44000/44000017_temp.jpg,group44000/44000_not/44000017.txt,open_circuit;short_circuit;mouse_bite;spur;spurious_copper;pin_hole
train,group92000_92000026,group92000,group92000/92000/92000026_test.jpg,group92000/92000/92000026_temp.jpg,group92000/92000_not/92000026.txt,open_circuit;mouse_bite;spurious_copper;pin_hole
train,group00041_00041082,group00041,group00041/00041/00041082_test.jpg,group00041/00041/00041082_temp.jpg,group00041/00041_not/00041082.txt,open_circuit;short_circuit;mouse_bite;spur;pin_hole
train,group20085_20085291,group20085,group20085/20085/20085291_test.jpg,group20085/20085/20085291_temp.jpg,group20085/20085_not/20085291.txt,open_circuit;short_circuit;mouse_bite;spur;spurious_copper;pin_hole
train,group92000_92000111,group92000,group92000/92000/92000111_test.jpg,group92000/92000/92000111_temp.jpg,group92000/92000_not/92000111.txt,open_circuit;spur;pin_hole
train,group12300_12300219,group12300,group12300/12300/12300219_test.jpg,group12300/12300/12300219_temp.jpg,group12300/12300_not/12300219.txt,open_circuit;short_circuit;mouse_bite;spur;pin_hole
train,group12100_12100009,group12100,group12100/12100/12100009_test.jpg,group12100/12100/12100009_temp.jpg,group12100/12100_not/12100009.txt,open_circuit;mouse_bite;spur;spurious_copper;pin_hole
train,group20085_20085101,group20085,group20085/20085/20085101_test.jpg,group20085/20085/20085101_temp.jpg,group20085/20085_not/20085101.txt,open_circuit;short_circuit;mouse_bite;spur;spurious_copper
train,group13000_13000173,group13000,group13000/13000/13000173_test.jpg,group13000/13000/13000173_temp.jpg,group13000/13000_not/13000173.txt,open_circuit;mouse_bite;spur;spurious_copper;pin_hole
train,group20085_20085302,group20085,group20085/20085/20085302_test.jpg,group20085/20085/20085302_temp.jpg,group20085/20085_not/20085302.txt,open_circuit;short_circuit;mouse_bite;spur;spurious_copper;pin_hole
train,group77000_77000056,group77000,group77000/77000/77000056_test.jpg,group77000/77000/77000056_temp.jpg,group77000/77000_not/77000056.txt,open_circuit;spur;spurious_copper;pin_hole
train,group44000_44000063,group44000,group44000/44000/44000063_test.jpg,group44000/44000/44000063_temp.jpg,group44000/44000_not/44000063.txt,open_circuit;short_circuit;mouse_bite;spur;pin_hole
train,group20085_20085155,group20085,group20085/20085/20085155_test.jpg,group20085/20085/20085155_temp.jpg,group20085/20085_not/20085155.txt,open_circuit;short_circuit;mouse_bite;spur;spurious_copper;pin_hole
train,group20085_20085041,group20085,group20085/20085/20085041_test.jpg,group20085/20085/20085041_temp.jpg,group20085/20085_not/20085041.txt,open_circuit;short_circuit;mouse_bite;spur;spurious_copper;pin_hole
train,group13000_13000148,group13000,group13000/13000/13000148_test.jpg,group13000/13000/13000148_temp.jpg,group13000/13000_not/13000148.txt,mouse_bite;spur;pin_hole
train,group20085_20085078,group20085,group20085/20085/20085078_test.jpg,group20085/20085/20085078_temp.jpg,group20085/20085_not/20085078.txt,open_circuit;short_circuit;spur;spurious_copper;pin_hole
train,group13000_13000130,group13000,group13000/13000/13000130_test.jpg,group13000/13000/13000130_temp.jpg,group13000/13000_not/13000130.txt,mouse_bite;spur;spurious_copper
train,group44000_44000112,group44000,group44000/44000/44000112_test.jpg,group44000/44000/44000112_temp.jpg,group44000/44000_not/44000112.txt,open_circuit;short_circuit;mouse_bite;spur;spurious_copper;pin_hole
train,group00041_00041136,group00041,group00041/00041/00041136_test.jpg,group00041/00041/00041136_temp.jpg,group00041/00041_not/00041136.txt,open_circuit;short_circuit;mouse_bite;spur;spurious_copper;pin_hole
train,group92000_92000101,group92000,group92000/92000/92000101_test.jpg,group92000/92000/92000101_temp.jpg,group92000/92000_not/92000101.txt,open_circuit;short_circuit;mouse_bite;spur;spurious_copper;pin_hole
train,group13000_13000051,group13000,group13000/13000/13000051_test.jpg,group13000/13000/13000051_temp.jpg,group13000/13000_not/13000051.txt,open_circuit;mouse_bite;spur;spurious_copper;pin_hole
train,group20085_20085128,group20085,group20085/20085/20085128_test.jpg,group20085/20085/20085128_temp.jpg,group20085/20085_not/20085128.txt,open_circuit;short_circuit;mouse_bite;spurious_copper;pin_hole
train,group20085_20085102,group20085,group20085/20085/20085102_test.jpg,group20085/20085/20085102_temp.jpg,group20085/20085_not/20085102.txt,open_circuit;short_circuit;mouse_bite;spur;spurious_copper;pin_hole
train,group20085_20085211,group20085,group20085/20085/20085211_test.jpg,group20085/20085/20085211_temp.jpg,group20085/20085_not/20085211.txt,open_circuit;short_circuit;mouse_bite;spurious_copper;pin_hole
train,group20085_20085073,group20085,group20085/20085/20085073_test.jpg,group20085/20085/20085073_temp.jpg,group20085/20085_not/20085073.txt,open_circuit;short_circuit;mouse_bite;spur;pin_hole
train,group92000_92000073,group92000,group92000/92000/92000073_test.jpg,group92000/92000/92000073_temp.jpg,group92000/92000_not/92000073.txt,open_circuit;short_circuit;mouse_bite;spur;spurious_copper;pin_hole
train,group12300_12300118,group12300,group12300/12300/12300118_test.jpg,group12300/12300/12300118_temp.jpg,group12300/12300_not/12300118.txt,open_circuit;short_circuit;spur;spurious_copper;pin_hole
train,group20085_20085018,group20085,group20085/20085/20085018_test.jpg,group20085/20085/20085018_temp.jpg,group20085/20085_not/20085018.txt,open_circuit;short_circuit;mouse_bite;spur;spurious_copper;pin_hole
train,group13000_13000110,group13000,group13000/13000/13000110_test.jpg,group13000/13000/13000110_temp.jpg,group13000/13000_not/13000110.txt,open_circuit;short_circuit;mouse_bite;spur;spurious_copper;pin_hole
train,group44000_44000064,group44000,group44000/44000/44000064_test.jpg,group44000/44000/44000064_temp.jpg,group44000/44000_not/44000064.txt,open_circuit;short_circuit;mouse_bite;spur;pin_hole
train,group20085_20085175,group20085,group20085/20085/20085175_test.jpg,group20085/20085/20085175_temp.jpg,group20085/20085_not/20085175.txt,short_circuit;mouse_bite;spurious_copper;pin_hole
train,group12100_12100015,group12100,group12100/12100/12100015_test.jpg,group12100/12100/12100015_temp.jpg,group12100/12100_not/12100015.txt,open_circuit;short_circuit;spur;spurious_copper;pin_hole
train,group00041_00041025,group00041,group00041/00041/00041025_test.jpg,group00041/00041/00041025_temp.jpg,group00041/00041_not/00041025.txt,open_circuit;short_circuit;mouse_bite;spur;spurious_copper;pin_hole
train,group12000_12000155,group12000,group12000/12000/12000155_test.jpg,group12000/12000/12000155_temp.jpg,group12000/12000_not/12000155.txt,open_circuit;short_circuit;spur;spurious_copper;pin_hole
train,group13000_13000209,group13000,group13000/13000/13000209_test.jpg,group13000/13000/13000209_temp.jpg,group13000/13000_not/13000209.txt,mouse_bite;spur;spurious_copper;pin_hole
train,group20085_20085074,group20085,group20085/20085/20085074_test.jpg,group20085/20085/20085074_temp.jpg,group20085/20085_not/20085074.txt,open_circuit;short_circuit;mouse_bite;spurious_copper
train,group00041_00041095,group00041,group00041/00041/00041095_test.jpg,group00041/00041/00041095_temp.jpg,group00041/00041_not/00041095.txt,open_circuit;short_circuit;mouse_bite;spur;spurious_copper;pin_hole
train,group13000_13000169,group13000,group13000/13000/13000169_test.jpg,group13000/13000/13000169_temp.jpg,group13000/13000_not/13000169.txt,mouse_bite;spur;spurious_copper;pin_hole
train,group12100_12100055,group12100,group12100/12100/12100055_test.jpg,group12100/12100/12100055_temp.jpg,group12100/12100_not/12100055.txt,open_circuit;short_circuit;mouse_bite;spur;spurious_copper;pin_hole
train,group13000_13000195,group13000,group13000/13000/13000195_test.jpg,group13000/13000/13000195_temp.jpg,group13000/13000_not/13000195.txt,open_circuit;mouse_bite;spur;spurious_copper;pin_hole
train,group20085_20085287,group20085,group20085/20085/20085287_test.jpg,group20085/20085/20085287_temp.jpg,group20085/20085_not/20085287.txt,open_circuit;short_circuit;mouse_bite;spur;spurious_copper
train,group20085_20085117,group20085,group20085/20085/20085117_test.jpg,group20085/20085/20085117_temp.jpg,group20085/20085_not/20085117.txt,open_circuit;short_circuit;mouse_bite;spur;spurious_copper
train,group00041_00041218,group00041,group00041/00041/00041218_test.jpg,group00041/00041/00041218_temp.jpg,group00041/00041_not/00041218.txt,open_circuit;mouse_bite;spur;spurious_copper
train,group92000_92000051,group92000,group92000/92000/92000051_test.jpg,group92000/92000/92000051_temp.jpg,group92000/92000_not/92000051.txt,open_circuit;mouse_bite;spur;pin_hole
train,group12100_12100149,group12100,group12100/12100/12100149_test.jpg,group12100/12100/12100149_temp.jpg,group12100/12100_not/12100149.txt,open_circuit;spur;spurious_copper;pin_hole
train,group13000_13000114,group13000,group13000/13000/13000114_test.jpg,group13000/13000/13000114_temp.jpg,group13000/13000_not/13000114.txt,mouse_bite;spur;pin_hole
train,group00041_00041215,group00041,group00041/00041/00041215_test.jpg,group00041/00041/00041215_temp.jpg,group00041/00041_not/00041215.txt,open_circuit;mouse_bite;spur;spurious_copper;pin_hole
train,group12100_12100131,group12100,group12100/12100/12100131_test.jpg,group12100/12100/12100131_temp.jpg,group12100/12100_not/12100131.txt,open_circuit;short_circuit;mouse_bite;spurious_copper
train,group12300_12300124,group12300,group12300/12300/12300124_test.jpg,group12300/12300/12300124_temp.jpg,group12300/12300_not/12300124.txt,open_circuit;short_circuit;mouse_bite;spur;spurious_copper;pin_hole
train,group12100_12100176,group12100,group12100/12100/12100176_test.jpg,group12100/12100/12100176_temp.jpg,group12100/12100_not/12100176.txt,open_circuit;spur;spurious_copper;pin_hole
train,group20085_20085166,group20085,group20085/20085/20085166_test.jpg,group20085/20085/20085166_temp.jpg,group20085/20085_not/20085166.txt,short_circuit;mouse_bite
train,group13000_13000126,group13000,group13000/13000/13000126_test.jpg,group13000/13000/13000126_temp.jpg,group13000/13000_not/13000126.txt,open_circuit;short_circuit;mouse_bite;spur;spurious_copper;pin_hole
train,group13000_13000189,group13000,group13000/13000/13000189_test.jpg,group13000/13000/13000189_temp.jpg,group13000/13000_not/13000189.txt,mouse_bite;spur;spurious_copper;pin_hole
train,group92000_92000067,group92000,group92000/92000/92000067_test.jpg,group92000/92000/92000067_temp.jpg,group92000/92000_not/92000067.txt,open_circuit;short_circuit;mouse_bite;spurious_copper;pin_hole
train,group00041_00041143,group00041,group00041/00041/00041143_test.jpg,group00041/00041/00041143_temp.jpg,group00041/00041_not/00041143.txt,open_circuit;mouse_bite;spur;spurious_copper;pin_hole
train,group12300_12300112,group12300,group12300/12300/12300112_test.jpg,group12300/12300/12300112_temp.jpg,group12300/12300_not/12300112.txt,open_circuit;short_circuit;mouse_bite;spur;spurious_copper;pin_hole
train,group92000_92000046,group92000,group92000/92000/92000046_test.jpg,group92000/92000/92000046_temp.jpg,group92000/92000_not/92000046.txt,open_circuit;mouse_bite;spurious_copper;pin_hole
train,group90100_90100062,group90100,group90100/90100/90100062_test.jpg,group90100/90100/90100062_temp.jpg,group90100/90100_not/90100062.txt,open_circuit;short_circuit;spur;spurious_copper;pin_hole
train,group20085_20085198,group20085,group20085/20085/20085198_test.jpg,group20085/20085/20085198_temp.jpg,group20085/20085_not/20085198.txt,open_circuit;short_circuit;mouse_bite;spur;spurious_copper;pin_hole
train,group12000_12000017,group12000,group12000/12000/12000017_test.jpg,group12000/12000/12000017_temp.jpg,group12000/12000_not/12000017.txt,open_circuit;short_circuit;spur;spurious_copper;pin_hole
train,group50600_50600035,group50600,group50600/50600/50600035_test.jpg,group50600/50600/50600035_temp.jpg,group50600/50600_not/50600035.txt,open_circuit;short_circuit;spur;pin_hole
train,group00041_00041056,group00041,group00041/00041/00041056_test.jpg,group00041/00041/00041056_temp.jpg,group00041/00041_not/00041056.txt,open_circuit;short_circuit;mouse_bite;spur;spurious_copper;pin_hole
train,group90100_90100075,group90100,group90100/90100/90100075_test.jpg,group90100/90100/90100075_temp.jpg,group90100/90100_not/90100075.txt,open_circuit;short_circuit;mouse_bite;spur;pin_hole
train,group92000_92000057,group92000,group92000/92000/92000057_test.jpg,group92000/92000/92000057_temp.jpg,group92000/92000_not/92000057.txt,open_circuit;short_circuit;mouse_bite;spurious_copper;pin_hole
train,group20085_20085121,group20085,group20085/20085/20085121_test.jpg,group20085/20085/20085121_temp.jpg,group20085/20085_not/20085121.txt,open_circuit;short_circuit;mouse_bite;spur;spurious_copper;pin_hole
train,group12300_12300225,group12300,group12300/12300/12300225_test.jpg,group12300/12300/12300225_temp.jpg,group12300/12300_not/12300225.txt,open_circuit;short_circuit;mouse_bite;spur;spurious_copper;pin_hole
train,group20085_20085021,group20085,group20085/20085/20085021_test.jpg,group20085/20085/20085021_temp.jpg,group20085/20085_not/20085021.txt,mouse_bite;spur;spurious_copper;pin_hole
train,group12300_12300224,group12300,group12300/12300/12300224_test.jpg,group12300/12300/12300224_temp.jpg,group12300/12300_not/12300224.txt,open_circuit;short_circuit;mouse_bite;spurious_copper;pin_hole
train,group20085_20085088,group20085,group20085/20085/20085088_test.jpg,group20085/20085/20085088_temp.jpg,group20085/20085_not/20085088.txt,open_circuit;short_circuit;mouse_bite;spur;spurious_copper;pin_hole
train,group90100_90100051,group90100,group90100/90100/90100051_test.jpg,group90100/90100/90100051_temp.jpg,group90100/90100_not/90100051.txt,open_circuit;short_circuit;mouse_bite;spur;spurious_copper;pin_hole
train,group13000_13000201,group13000,group13000/13000/13000201_test.jpg,group13000/13000/13000201_temp.jpg,group13000/13000_not/13000201.txt,open_circuit;mouse_bite;spur;pin_hole
train,group20085_20085149,group20085,group20085/20085/20085149_test.jpg,group20085/20085/20085149_temp.jpg,group20085/20085_not/20085149.txt,open_circuit;short_circuit;mouse_bite;spur;spurious_copper;pin_hole
train,group77000_77000026,group77000,group77000/77000/77000026_test.jpg,group77000/77000/77000026_temp.jpg,group77000/77000_not/77000026.txt,short_circuit;spurious_copper
train,group20085_20085029,group20085,group20085/20085/20085029_test.jpg,group20085/20085/20085029_temp.jpg,group20085/20085_not/20085029.txt,open_circuit;short_circuit;mouse_bite;spurious_copper;pin_hole
train,group12300_12300139,group12300,group12300/12300/12300139_test.jpg,group12300/12300/12300139_temp.jpg,group12300/12300_not/12300139.txt,open_circuit;mouse_bite;spur;spurious_copper;pin_hole
train,group20085_20085051,group20085,group20085/20085/20085051_test.jpg,group20085/20085/20085051_temp.jpg,group20085/20085_not/20085051.txt,open_circuit;short_circuit;mouse_bite;spur;spurious_copper;pin_hole
train,group12100_12100026,group12100,group12100/12100/12100026_test.jpg,group12100/12100/12100026_temp.jpg,group12100/12100_not/12100026.txt,open_circuit;short_circuit;mouse_bite;spur;spurious_copper;pin_hole
train,group50600_50600030,group50600,group50600/50600/50600030_test.jpg,group50600/50600/50600030_temp.jpg,group50600/50600_not/50600030.txt,open_circuit;short_circuit;mouse_bite;spur;pin_hole
train,group77000_77000034,group77000,group77000/77000/77000034_test.jpg,group77000/77000/77000034_temp.jpg,group77000/77000_not/77000034.txt,short_circuit;mouse_bite;spur;pin_hole
train,group20085_20085180,group20085,group20085/20085/20085180_test.jpg,group20085/20085/20085180_temp.jpg,group20085/20085_not/20085180.txt,open_circuit;short_circuit;mouse_bite;spur;spurious_copper;pin_hole
train,group13000_13000057,group13000,group13000/13000/13000057_test.jpg,group13000/13000/13000057_temp.jpg,group13000/13000_not/13000057.txt,open_circuit;short_circuit;mouse_bite;spur;spurious_copper;pin_hole
train,group00041_00041007,group00041,group00041/00041/00041007_test.jpg,group00041/00041/00041007_temp.jpg,group00041/00041_not/00041007.txt,open_circuit;short_circuit;mouse_bite;spur;spurious_copper
train,group77000_77000054,group77000,group77000/77000/77000054_test.jpg,group77000/77000/77000054_temp.jpg,group77000/77000_not/77000054.txt,open_circuit;mouse_bite;spurious_copper;pin_hole
train,group90100_90100057,group90100,group90100/90100/90100057_test.jpg,group90100/90100/90100057_temp.jpg,group90100/90100_not/90100057.txt,open_circuit;short_circuit;mouse_bite;spur;spurious_copper;pin_hole
train,group13000_13000061,group13000,group13000/13000/13000061_test.jpg,group13000/13000/13000061_temp.jpg,group13000/13000_not/13000061.txt,open_circuit;short_circuit;mouse_bite;spur;spurious_copper
train,group12300_12300140,group12300,group12300/12300/12300140_test.jpg,group12300/12300/12300140_temp.jpg,group12300/12300_not/12300140.txt,open_circuit;short_circuit;mouse_bite;spur;spurious_copper;pin_hole
train,group92000_92000055,group92000,group92000/92000/92000055_test.jpg,group92000/92000/92000055_temp.jpg,group92000/92000_not/92000055.txt,open_circuit;short_circuit;spur;spurious_copper;pin_hole
train,group00041_00041219,group00041,group00041/00041/00041219_test.jpg,group00041/00041/00041219_temp.jpg,group00041/00041_not/00041219.txt,open_circuit;mouse_bite;pin_hole
train,group92000_92000071,group92000,group92000/92000/92000071_test.jpg,group92000/92000/92000071_temp.jpg,group92000/92000_not/92000071.txt,open_circuit;mouse_bite;spur;spurious_copper;pin_hole
train,group00041_00041016,group00041,group00041/00041/00041016_test.jpg,group00041/00041/00041016_temp.jpg,group00041/00041_not/00041016.txt,open_circuit;short_circuit;mouse_bite;spur;spurious_copper;pin_hole
train,group44000_44000106,group44000,group44000/44000/44000106_test.jpg,group44000/44000/44000106_temp.jpg,group44000/44000_not/44000106.txt,open_circuit;short_circuit;mouse_bite;spur;spurious_copper;pin_hole
train,group13000_13000104,group13000,group13000/13000/13000104_test.jpg,group13000/13000/13000104_temp.jpg,group13000/13000_not/13000104.txt,open_circuit;short_circuit;mouse_bite;spur;spurious_copper;pin_hole
train,group20085_20085019,group20085,group20085/20085/20085019_test.jpg,group20085/20085/20085019_temp.jpg,group20085/20085_not/20085019.txt,open_circuit;short_circuit;mouse_bite;spur;spurious_copper;pin_hole
train,group50600_50600050,group50600,group50600/50600/50600050_test.jpg,group50600/50600/50600050_temp.jpg,group50600/50600_not/50600050.txt,open_circuit;mouse_bite;spurious_copper;pin_hole
train,group44000_44000095,group44000,group44000/44000/44000095_test.jpg,group44000/44000/44000095_temp.jpg,group44000/44000_not/44000095.txt,open_circuit;short_circuit;mouse_bite;spur;spurious_copper;pin_hole
train,group20085_20085243,group20085,group20085/20085/20085243_test.jpg,group20085/20085/20085243_temp.jpg,group20085/20085_not/20085243.txt,open_circuit;short_circuit;mouse_bite;spur;spurious_copper;pin_hole
train,group50600_50600055,group50600,group50600/50600/50600055_test.jpg,group50600/50600/50600055_temp.jpg,group50600/50600_not/50600055.txt,open_circuit;mouse_bite;spur;pin_hole
train,group12100_12100033,group12100,group12100/12100/12100033_test.jpg,group12100/12100/12100033_temp.jpg,group12100/12100_not/12100033.txt,open_circuit;short_circuit;spur;spurious_copper
train,group77000_77000014,group77000,group77000/77000/77000014_test.jpg,group77000/77000/77000014_temp.jpg,group77000/77000_not/77000014.txt,spur;pin_hole
train,group13000_13000164,group13000,group13000/13000/13000164_test.jpg,group13000/13000/13000164_temp.jpg,group13000/13000_not/13000164.txt,mouse_bite;spur;spurious_copper;pin_hole
train,group13000_13000055,group13000,group13000/13000/13000055_test.jpg,group13000/13000/13000055_temp.jpg,group13000/13000_not/13000055.txt,open_circuit;short_circuit;spur;spurious_copper;pin_hole
train,group20085_20085163,group20085,group20085/20085/20085163_test.jpg,group20085/20085/20085163_temp.jpg,group20085/20085_not/20085163.txt,mouse_bite;spur;spurious_copper
train,group00041_00041081,group00041,group00041/00041/00041081_test.jpg,group00041/00041/00041081_temp.jpg,group00041/00041_not/00041081.txt,open_circuit;short_circuit;mouse_bite;spur;spurious_copper;pin_hole
train,group12100_12100010,group12100,group12100/12100/12100010_test.jpg,group12100/12100/12100010_temp.jpg,group12100/12100_not/12100010.txt,open_circuit;short_circuit;spur;pin_hole
train,group00041_00041139,group00041,group00041/00041/00041139_test.jpg,group00041/00041/00041139_temp.jpg,group00041/00041_not/00041139.txt,open_circuit;short_circuit;spur;spurious_copper;pin_hole
train,group00041_00041164,group00041,group00041/00041/00041164_test.jpg,group00041/00041/00041164_temp.jpg,group00041/00041_not/00041164.txt,open_circuit;mouse_bite;spur;spurious_copper;pin_hole
train,group12100_12100142,group12100,group12100/12100/12100142_test.jpg,group12100/12100/12100142_temp.jpg,group12100/12100_not/12100142.txt,open_circuit;short_circuit;mouse_bite;spur;spurious_copper;pin_hole
train,group20085_20085281,group20085,group20085/20085/20085281_test.jpg,group20085/20085/20085281_temp.jpg,group20085/20085_not/20085281.txt,open_circuit;short_circuit;mouse_bite;spur;spurious_copper
train,group50600_50600076,group50600,group50600/50600/50600076_test.jpg,group50600/50600/50600076_temp.jpg,group50600/50600_not/50600076.txt,open_circuit;short_circuit;mouse_bite;spur;pin_hole
train,group44000_44000104,group44000,group44000/44000/44000104_test.jpg,group44000/44000/44000104_temp.jpg,group44000/44000_not/44000104.txt,open_circuit;short_circuit;mouse_bite;spur;spurious_copper;pin_hole
train,group12300_12300155,group12300,group12300/12300/12300155_test.jpg,group12300/12300/12300155_temp.jpg,group12300/12300_not/12300155.txt,open_circuit;short_circuit;mouse_bite;spur;spurious_copper;pin_hole
train,group20085_20085301,group20085,group20085/20085/20085301_test.jpg,group20085/20085/20085301_temp.jpg,group20085/20085_not/20085301.txt,open_circuit;short_circuit;mouse_bite;spur;spurious_copper;pin_hole
train,group13000_13000105,group13000,group13000/13000/13000105_test.jpg,group13000/13000/13000105_temp.jpg,group13000/13000_not/13000105.txt,open_circuit;mouse_bite;spur;pin_hole
train,group00041_00041004,group00041,group00041/00041/00041004_test.jpg,group00041/00041/00041004_temp.jpg,group00041/00041_not/00041004.txt,open_circuit;short_circuit;mouse_bite;spur;spurious_copper;pin_hole
train,group77000_77000078,group77000,group77000/77000/77000078_test.jpg,group77000/77000/77000078_temp.jpg,group77000/77000_not/77000078.txt,open_circuit;mouse_bite;spurious_copper;pin_hole
train,group12300_12300147,group12300,group12300/12300/12300147_test.jpg,group12300/12300/12300147_temp.jpg,group12300/12300_not/12300147.txt,open_circuit;short_circuit;mouse_bite;spur;pin_hole
train,group77000_77000069,group77000,group77000/77000/77000069_test.jpg,group77000/77000/77000069_temp.jpg,group77000/77000_not/77000069.txt,open_circuit;mouse_bite;spurious_copper;pin_hole
train,group92000_92000104,group92000,group92000/92000/92000104_test.jpg,group92000/92000/92000104_temp.jpg,group92000/92000_not/92000104.txt,open_circuit;mouse_bite;spur;spurious_copper;pin_hole
train,group44000_44000101,group44000,group44000/44000/44000101_test.jpg,group44000/44000/44000101_temp.jpg,group44000/44000_not/44000101.txt,open_circuit;short_circuit;mouse_bite;spur;spurious_copper;pin_hole
train,group20085_20085212,group20085,group20085/20085/20085212_test.jpg,group20085/20085/20085212_temp.jpg,group20085/20085_not/20085212.txt,open_circuit;short_circuit;mouse_bite;spur;spurious_copper;pin_hole
train,group20085_20085252,group20085,group20085/20085/20085252_test.jpg,group20085/20085/20085252_temp.jpg,group20085/20085_not/20085252.txt,open_circuit;short_circuit;mouse_bite;spur;spurious_copper;pin_hole
train,group90100_90100066,group90100,group90100/90100/90100066_test.jpg,group90100/90100/90100066_temp.jpg,group90100/90100_not/90100066.txt,open_circuit;short_circuit;mouse_bite;spur;spurious_copper
train,group77000_77000059,group77000,group77000/77000/77000059_test.jpg,group77000/77000/77000059_temp.jpg,group77000/77000_not/77000059.txt,mouse_bite;spurious_copper;pin_hole
train,group13000_13000030,group13000,group13000/13000/13000030_test.jpg,group13000/13000/13000030_temp.jpg,group13000/13000_not/13000030.txt,open_circuit;short_circuit;mouse_bite;spur;spurious_copper;pin_hole
train,group20085_20085129,group20085,group20085/20085/20085129_test.jpg,group20085/20085/20085129_temp.jpg,group20085/20085_not/20085129.txt,open_circuit;short_circuit;mouse_bite;spur;spurious_copper
train,group00041_00041110,group00041,group00041/00041/00041110_test.jpg,group00041/00041/00041110_temp.jpg,group00041/00041_not/00041110.txt,short_circuit;mouse_bite;spur;spurious_copper;pin_hole
train,group20085_20085172,group20085,group20085/20085/20085172_test.jpg,group20085/20085/20085172_temp.jpg,group20085/20085_not/20085172.txt,open_circuit;short_circuit;spur;spurious_copper;pin_hole
train,group92000_92000075,group92000,group92000/92000/92000075_test.jpg,group92000/92000/92000075_temp.jpg,group92000/92000_not/92000075.txt,open_circuit;mouse_bite;spur;spurious_copper;pin_hole
train,group12300_12300068,group12300,group12300/12300/12300068_test.jpg,group12300/12300/12300068_temp.jpg,group12300/12300_not/12300068.txt,open_circuit;mouse_bite;spur;spurious_copper;pin_hole
train,group20085_20085273,group20085,group20085/20085/20085273_test.jpg,group20085/20085/20085273_temp.jpg,group20085/20085_not/20085273.txt,open_circuit;short_circuit;mouse_bite;spur;spurious_copper
train,group77000_77000099,group77000,group77000/77000/77000099_test.jpg,group77000/77000/77000099_temp.jpg,group77000/77000_not/77000099.txt,open_circuit;short_circuit;mouse_bite;spurious_copper;pin_hole
train,group20085_20085299,group20085,group20085/20085/20085299_test.jpg,group20085/20085/20085299_temp.jpg,group20085/20085_not/20085299.txt,open_circuit;short_circuit;mouse_bite;spurious_copper
train,group13000_13000008,group13000,group13000/13000/13000008_test.jpg,group13000/13000/13000008_temp.jpg,group13000/13000_not/13000008.txt,open_circuit;short_circuit;mouse_bite;spur;spurious_copper;pin_hole
train,group00041_00041064,group00041,group00041/00041/00041064_test.jpg,group00041/00041/00041064_temp.jpg,group00041/00041_not/00041064.txt,open_circuit;short_circuit;mouse_bite;spur;spurious_copper;pin_hole
train,group00041_00041120,group00041,group00041/00041/00041120_test.jpg,group00041/00041/00041120_temp.jpg,group00041/00041_not/00041120.txt,open_circuit;short_circuit;mouse_bite;spur;spurious_copper;pin_hole
train,group92000_92000091,group92000,group92000/92000/92000091_test.jpg,group92000/92000/92000091_temp.jpg,group92000/92000_not/92000091.txt,open_circuit;short_circuit;mouse_bite;spur;pin_hole
train,group77000_77000005,group77000,group77000/77000/77000005_test.jpg,group77000/77000/77000005_temp.jpg,group77000/77000_not/77000005.txt,open_circuit;short_circuit;mouse_bite;pin_hole
train,group00041_00041043,group00041,group00041/00041/00041043_test.jpg,group00041/00041/00041043_temp.jpg,group00041/00041_not/00041043.txt,open_circuit;short_circuit;mouse_bite;spur;spurious_copper;pin_hole
train,group13000_13000028,group13000,group13000/13000/13000028_test.jpg,group13000/13000/13000028_temp.jpg,group13000/13000_not/13000028.txt,open_circuit;short_circuit;mouse_bite;spur;spurious_copper;pin_hole
train,group44000_44000051,group44000,group44000/44000/44000051_test.jpg,group44000/44000/44000051_temp.jpg,group44000/44000_not/44000051.txt,open_circuit;short_circuit;mouse_bite;spur;spurious_copper;pin_hole
train,group90100_90100081,group90100,group90100/90100/90100081_test.jpg,group90100/90100/90100081_temp.jpg,group90100/90100_not/90100081.txt,open_circuit;short_circuit;spur;spurious_copper;pin_hole
train,group12300_12300142,group12300,group12300/12300/12300142_test.jpg,group12300/12300/12300142_temp.jpg,group12300/12300_not/12300142.txt,open_circuit;mouse_bite;spur;spurious_copper;pin_hole
train,group77000_77000043,group77000,group77000/77000/77000043_test.jpg,group77000/77000/77000043_temp.jpg,group77000/77000_not/77000043.txt,open_circuit;mouse_bite;spur;spurious_copper;pin_hole
train,group20085_20085278,group20085,group20085/20085/20085278_test.jpg,group20085/20085/20085278_temp.jpg,group20085/20085_not/20085278.txt,open_circuit;short_circuit;mouse_bite;spur;spurious_copper;pin_hole
train,group44000_44000083,group44000,group44000/44000/44000083_test.jpg,group44000/44000/44000083_temp.jpg,group44000/44000_not/44000083.txt,open_circuit;short_circuit;mouse_bite;spur;spurious_copper;pin_hole
train,group00041_00041175,group00041,group00041/00041/00041175_test.jpg,group00041/00041/00041175_temp.jpg,group00041/00041_not/00041175.txt,open_circuit;mouse_bite;pin_hole
train,group92000_92000065,group92000,group92000/92000/92000065_test.jpg,group92000/92000/92000065_temp.jpg,group92000/92000_not/92000065.txt,open_circuit;mouse_bite;spur;spurious_copper;pin_hole
train,group13000_13000150,group13000,group13000/13000/13000150_test.jpg,group13000/13000/13000150_temp.jpg,group13000/13000_not/13000150.txt,mouse_bite;spur;spurious_copper;pin_hole
train,group12000_12000136,group12000,group12000/12000/12000136_test.jpg,group12000/12000/12000136_temp.jpg,group12000/12000_not/12000136.txt,open_circuit;short_circuit;spurious_copper;pin_hole
train,group20085_20085305,group20085,group20085/20085/20085305_test.jpg,group20085/20085/20085305_temp.jpg,group20085/20085_not/20085305.txt,open_circuit;short_circuit;mouse_bite;spur;pin_hole
train,group00041_00041001,group00041,group00041/00041/00041001_test.jpg,group00041/00041/00041001_temp.jpg,group00041/00041_not/00041001.txt,open_circuit;mouse_bite;spur;spurious_copper;pin_hole
train,group44000_44000098,group44000,group44000/44000/44000098_test.jpg,group44000/44000/44000098_temp.jpg,group44000/44000_not/44000098.txt,open_circuit;short_circuit;spur;spurious_copper;pin_hole
train,group90100_90100069,group90100,group90100/90100/90100069_test.jpg,group90100/90100/90100069_temp.jpg,group90100/90100_not/90100069.txt,open_circuit;short_circuit;spur;spurious_copper;pin_hole
train,group90100_90100002,group90100,group90100/90100/90100002_test.jpg,group90100/90100/90100002_temp.jpg,group90100/90100_not/90100002.txt,open_circuit;short_circuit;mouse_bite;spur;spurious_copper;pin_hole
train,group44000_44000030,group44000,group44000/44000/44000030_test.jpg,group44000/44000/44000030_temp.jpg,group44000/44000_not/44000030.txt,open_circuit;short_circuit;mouse_bite;spur;spurious_copper;pin_hole
train,group13000_13000060,group13000,group13000/13000/13000060_test.jpg,group13000/13000/13000060_temp.jpg,group13000/13000_not/13000060.txt,mouse_bite;spurious_copper;pin_hole
train,group20085_20085234,group20085,group20085/20085/20085234_test.jpg,group20085/20085/20085234_temp.jpg,group20085/20085_not/20085234.txt,open_circuit;short_circuit;spur;spurious_copper;pin_hole
train,group20085_20085195,group20085,group20085/20085/20085195_test.jpg,group20085/20085/20085195_temp.jpg,group20085/20085_not/20085195.txt,open_circuit;short_circuit;mouse_bite;spur;spurious_copper;pin_hole
train,group90100_90100006,group90100,group90100/90100/90100006_test.jpg,group90100/90100/90100006_temp.jpg,group90100/90100_not/90100006.txt,open_circuit;mouse_bite;spur;spurious_copper;pin_hole
train,group12000_12000593,group12000,group12000/12000/12000593_test.jpg,group12000/12000/12000593_temp.jpg,group12000/12000_not/12000593.txt,open_circuit;short_circuit;mouse_bite;spur
train,group13000_13000035,group13000,group13000/13000/13000035_test.jpg,group13000/13000/13000035_temp.jpg,group13000/13000_not/13000035.txt,open_circuit;mouse_bite;spur;spurious_copper;pin_hole
train,group20085_20085263,group20085,group20085/20085/20085263_test.jpg,group20085/20085/20085263_temp.jpg,group20085/20085_not/20085263.txt,open_circuit;short_circuit;mouse_bite;spur;spurious_copper
train,group00041_00041130,group00041,group00041/00041/00041130_test.jpg,group00041/00041/00041130_temp.jpg,group00041/00041_not/00041130.txt,open_circuit;mouse_bite;spur;spurious_copper;pin_hole
train,group12100_12100147,group12100,group12100/12100/12100147_test.jpg,group12100/12100/12100147_temp.jpg,group12100/12100_not/12100147.txt,open_circuit;mouse_bite;spur;pin_hole
train,group00041_00041096,group00041,group00041/00041/00041096_test.jpg,group00041/00041/00041096_temp.jpg,group00041/00041_not/00041096.txt,open_circuit;short_circuit;mouse_bite;spurious_copper;pin_hole
train,group20085_20085315,group20085,group20085/20085/20085315_test.jpg,group20085/20085/20085315_temp.jpg,group20085/20085_not/20085315.txt,open_circuit;short_circuit;mouse_bite;spurious_copper
train,group92000_92000024,group92000,group92000/92000/92000024_test.jpg,group92000/92000/92000024_temp.jpg,group92000/92000_not/92000024.txt,open_circuit;spur;spurious_copper;pin_hole
train,group20085_20085122,group20085,group20085/20085/20085122_test.jpg,group20085/20085/20085122_temp.jpg,group20085/20085_not/20085122.txt,open_circuit;short_circuit;mouse_bite;spur;spurious_copper;pin_hole
train,group44000_44000097,group44000,group44000/44000/44000097_test.jpg,group44000/44000/44000097_temp.jpg,group44000/44000_not/44000097.txt,open_circuit;short_circuit;mouse_bite;spur;spurious_copper;pin_hole
train,group92000_92000098,group92000,group92000/92000/92000098_test.jpg,group92000/92000/92000098_temp.jpg,group92000/92000_not/92000098.txt,open_circuit;short_circuit;mouse_bite;spur;pin_hole
train,group12100_12100057,group12100,group12100/12100/12100057_test.jpg,group12100/12100/12100057_temp.jpg,group12100/12100_not/12100057.txt,open_circuit;short_circuit;spurious_copper;pin_hole
train,group20085_20085115,group20085,group20085/20085/20085115_test.jpg,group20085/20085/20085115_temp.jpg,group20085/20085_not/20085115.txt,open_circuit;short_circuit;spur;spurious_copper;pin_hole
train,group12300_12300145,group12300,group12300/12300/12300145_test.jpg,group12300/12300/12300145_temp.jpg,group12300/12300_not/12300145.txt,open_circuit;short_circuit;mouse_bite;spur;pin_hole
train,group12300_12300141,group12300,group12300/12300/12300141_test.jpg,group12300/12300/12300141_temp.jpg,group12300/12300_not/12300141.txt,open_circuit;short_circuit;mouse_bite;spur;spurious_copper;pin_hole
train,group20085_20085126,group20085,group20085/20085/20085126_test.jpg,group20085/20085/20085126_temp.jpg,group20085/20085_not/20085126.txt,open_circuit;short_circuit;mouse_bite;spurious_copper;pin_hole
train,group12300_12300239,group12300,group12300/12300/12300239_test.jpg,group12300/12300/12300239_temp.jpg,group12300/12300_not/12300239.txt,open_circuit;short_circuit;mouse_bite;spur;spurious_copper;pin_hole
train,group12300_12300218,group12300,group12300/12300/12300218_test.jpg,group12300/12300/12300218_temp.jpg,group12300/12300_not/12300218.txt,open_circuit;short_circuit;mouse_bite;spurious_copper;pin_hole
train,group13000_13000073,group13000,group13000/13000/13000073_test.jpg,group13000/13000/13000073_temp.jpg,group13000/13000_not/13000073.txt,open_circuit;short_circuit;mouse_bite;spurious_copper;pin_hole
train,group12100_12100154,group12100,group12100/12100/12100154_test.jpg,group12100/12100/12100154_temp.jpg,group12100/12100_not/12100154.txt,open_circuit;short_circuit;mouse_bite;spur;spurious_copper;pin_hole
train,group12100_12100170,group12100,group12100/12100/12100170_test.jpg,group12100/12100/12100170_temp.jpg,group12100/12100_not/12100170.txt,open_circuit;mouse_bite;spur;spurious_copper;pin_hole
train,group77000_77000048,group77000,group77000/77000/77000048_test.jpg,group77000/77000/77000048_temp.jpg,group77000/77000_not/77000048.txt,open_circuit;mouse_bite;spur;spurious_copper;pin_hole
train,group13000_13000067,group13000,group13000/13000/13000067_test.jpg,group13000/13000/13000067_temp.jpg,group13000/13000_not/13000067.txt,open_circuit;short_circuit;mouse_bite;spur;spurious_copper;pin_hole
train,group20085_20085063,group20085,group20085/20085/20085063_test.jpg,group20085/20085/20085063_temp.jpg,group20085/20085_not/20085063.txt,open_circuit;short_circuit;mouse_bite;spur;spurious_copper
train,group77000_77000102,group77000,group77000/77000/77000102_test.jpg,group77000/77000/77000102_temp.jpg,group77000/77000_not/77000102.txt,open_circuit;short_circuit;mouse_bite;spurious_copper;pin_hole
train,group00041_00041206,group00041,group00041/00041/00041206_test.jpg,group00041/00041/00041206_temp.jpg,group00041/00041_not/00041206.txt,open_circuit;short_circuit;mouse_bite;spur;spurious_copper
train,group12300_12300236,group12300,group12300/12300/12300236_test.jpg,group12300/12300/12300236_temp.jpg,group12300/12300_not/12300236.txt,open_circuit;mouse_bite;spur;spurious_copper;pin_hole
train,group00041_00041142,group00041,group00041/00041/00041142_test.jpg,group00041/00041/00041142_temp.jpg,group00041/00041_not/00041142.txt,open_circuit;short_circuit;mouse_bite;spur;spurious_copper;pin_hole
train,group50600_50600062,group50600,group50600/50600/50600062_test.jpg,group50600/50600/50600062_temp.jpg,group50600/50600_not/50600062.txt,open_circuit;short_circuit;mouse_bite;spur;pin_hole
train,group13000_13000121,group13000,group13000/13000/13000121_test.jpg,group13000/13000/13000121_temp.jpg,group13000/13000_not/13000121.txt,open_circuit;short_circuit;mouse_bite;spur;pin_hole
train,group00041_00041161,group00041,group00041/00041/00041161_test.jpg,group00041/00041/00041161_temp.jpg,group00041/00041_not/00041161.txt,open_circuit;mouse_bite;spur;spurious_copper;pin_hole
train,group44000_44000092,group44000,group44000/44000/44000092_test.jpg,group44000/44000/44000092_temp.jpg,group44000/44000_not/44000092.txt,open_circuit;short_circuit;mouse_bite;spur;spurious_copper;pin_hole
train,group13000_13000062,group13000,group13000/13000/13000062_test.jpg,group13000/13000/13000062_temp.jpg,group13000/13000_not/13000062.txt,open_circuit;short_circuit;mouse_bite;spur;spurious_copper;pin_hole
train,group20085_20085083,group20085,group20085/20085/20085083_test.jpg,group20085/20085/20085083_temp.jpg,group20085/20085_not/20085083.txt,open_circuit;short_circuit;mouse_bite;spur;spurious_copper;pin_hole
train,group13000_13000210,group13000,group13000/13000/13000210_test.jpg,group13000/13000/13000210_temp.jpg,group13000/13000_not/13000210.txt,open_circuit;mouse_bite;spur;spurious_copper;pin_hole
train,group92000_92000088,group92000,group92000/92000/92000088_test.jpg,group92000/92000/92000088_temp.jpg,group92000/92000_not/92000088.txt,open_circuit;short_circuit;mouse_bite;spur;pin_hole
train,group92000_92000049,group92000,group92000/92000/92000049_test.jpg,group92000/92000/92000049_temp.jpg,group92000/92000_not/92000049.txt,open_circuit;short_circuit;spur;spurious_copper;pin_hole
train,group13000_13000090,group13000,group13000/13000/13000090_test.jpg,group13000/13000/13000090_temp.jpg,group13000/13000_not/13000090.txt,open_circuit;spur;spurious_copper;pin_hole
train,group12300_12300220,group12300,group12300/12300/12300220_test.jpg,group12300/12300/12300220_temp.jpg,group12300/12300_not/12300220.txt,open_circuit;mouse_bite;spurious_copper;pin_hole
train,group20085_20085164,group20085,group20085/20085/20085164_test.jpg,group20085/20085/20085164_temp.jpg,group20085/20085_not/20085164.txt,mouse_bite;spur;pin_hole
train,group90100_90100027,group90100,group90100/90100/90100027_test.jpg,group90100/90100/90100027_temp.jpg,group90100/90100_not/90100027.txt,open_circuit;mouse_bite;spur;spurious_copper;pin_hole
train,group12300_12300116,group12300,group12300/12300/12300116_test.jpg,group12300/12300/12300116_temp.jpg,group12300/12300_not/12300116.txt,open_circuit;short_circuit;mouse_bite;pin_hole
train,group77000_77000033,group77000,group77000/77000/77000033_test.jpg,group77000/77000/77000033_temp.jpg,group77000/77000_not/77000033.txt,open_circuit;short_circuit;spurious_copper;pin_hole
train,group12300_12300216,group12300,group12300/12300/12300216_test.jpg,group12300/12300/12300216_temp.jpg,group12300/12300_not/12300216.txt,open_circuit;short_circuit;spur;spurious_copper;pin_hole
train,group20085_20085169,group20085,group20085/20085/20085169_test.jpg,group20085/20085/20085169_temp.jpg,group20085/20085_not/20085169.txt,short_circuit;mouse_bite;spur;pin_hole
train,group77000_77000010,group77000,group77000/77000/77000010_test.jpg,group77000/77000/77000010_temp.jpg,group77000/77000_not/77000010.txt,short_circuit;mouse_bite;spur;spurious_copper;pin_hole
train,group00041_00041209,group00041,group00041/00041/00041209_test.jpg,group00041/00041/00041209_temp.jpg,group00041/00041_not/00041209.txt,open_circuit;short_circuit;mouse_bite;spur
val,group00041_00041169,group00041,group00041/00041/00041169_test.jpg,group00041/00041/00041169_temp.jpg,group00041/00041_not/00041169.txt,open_circuit;short_circuit;mouse_bite;spur;spurious_copper;pin_hole
val,group12100_12100164,group12100,group12100/12100/12100164_test.jpg,group12100/12100/12100164_temp.jpg,group12100/12100_not/12100164.txt,open_circuit;short_circuit;mouse_bite;spur;spurious_copper;pin_hole
val,group20085_20085168,group20085,group20085/20085/20085168_test.jpg,group20085/20085/20085168_temp.jpg,group20085/20085_not/20085168.txt,spurious_copper
val,group12300_12300156,group12300,group12300/12300/12300156_test.jpg,group12300/12300/12300156_temp.jpg,group12300/12300_not/12300156.txt,open_circuit;short_circuit;mouse_bite;spur;spurious_copper;pin_hole
val,group13000_13000020,group13000,group13000/13000/13000020_test.jpg,group13000/13000/13000020_temp.jpg,group13000/13000_not/13000020.txt,open_circuit;short_circuit;mouse_bite;spurious_copper;pin_hole
val,group20085_20085124,group20085,group20085/20085/20085124_test.jpg,group20085/20085/20085124_temp.jpg,group20085/20085_not/20085124.txt,open_circuit;short_circuit;mouse_bite;spur;spurious_copper;pin_hole
val,group90100_90100026,group90100,group90100/90100/90100026_test.jpg,group90100/90100/90100026_temp.jpg,group90100/90100_not/90100026.txt,open_circuit;mouse_bite;spurious_copper;pin_hole
val,group12300_12300108,group12300,group12300/12300/12300108_test.jpg,group12300/12300/12300108_temp.jpg,group12300/12300_not/12300108.txt,open_circuit;short_circuit;mouse_bite;spurious_copper;pin_hole
val,group12100_12100180,group12100,group12100/12100/12100180_test.jpg,group12100/12100/12100180_temp.jpg,group12100/12100_not/12100180.txt,open_circuit;short_circuit;mouse_bite;spurious_copper;pin_hole
val,group44000_44000037,group44000,group44000/44000/44000037_test.jpg,group44000/44000/44000037_temp.jpg,group44000/44000_not/44000037.txt,open_circuit;short_circuit;mouse_bite;spur;spurious_copper;pin_hole
val,group92000_92000006,group92000,group92000/92000/92000006_test.jpg,group92000/92000/92000006_temp.jpg,group92000/92000_not/92000006.txt,open_circuit;short_circuit;mouse_bite;spur;spurious_copper;pin_hole
val,group12300_12300077,group12300,group12300/12300/12300077_test.jpg,group12300/12300/12300077_temp.jpg,group12300/12300_not/12300077.txt,open_circuit;short_circuit;spurious_copper
val,group00041_00041063,group00041,group00041/00041/00041063_test.jpg,group00041/00041/00041063_temp.jpg,group00041/00041_not/00041063.txt,open_circuit;short_circuit;mouse_bite;spur;spurious_copper;pin_hole
val,group13000_13000076,group13000,group13000/13000/13000076_test.jpg,group13000/13000/13000076_temp.jpg,group13000/13000_not/13000076.txt,open_circuit;short_circuit;mouse_bite;spur;spurious_copper;pin_hole
val,group20085_20085270,group20085,group20085/20085/20085270_test.jpg,group20085/20085/20085270_temp.jpg,group20085/20085_not/20085270.txt,short_circuit;mouse_bite;spur;spurious_copper;pin_hole
val,group92000_92000038,group92000,group92000/92000/92000038_test.jpg,group92000/92000/92000038_temp.jpg,group92000/92000_not/92000038.txt,open_circuit;short_circuit;mouse_bite
val,group20085_20085015,group20085,group20085/20085/20085015_test.jpg,group20085/20085/20085015_temp.jpg,group20085/20085_not/20085015.txt,open_circuit;short_circuit;mouse_bite;spurious_copper;pin_hole
val,group44000_44000040,group44000,group44000/44000/44000040_test.jpg,group44000/44000/44000040_temp.jpg,group44000/44000_not/44000040.txt,open_circuit;short_circuit;mouse_bite;spur;spurious_copper;pin_hole
val,group90100_90100067,group90100,group90100/90100/90100067_test.jpg,group90100/90100/90100067_temp.jpg,group90100/90100_not/90100067.txt,open_circuit;short_circuit;mouse_bite;spurious_copper;pin_hole
val,group12100_12100043,group12100,group12100/12100/12100043_test.jpg,group12100/12100/12100043_temp.jpg,group12100/12100_not/12100043.txt,open_circuit;short_circuit;spur;pin_hole
val,group44000_44000072,group44000,group44000/44000/44000072_test.jpg,group44000/44000/44000072_temp.jpg,group44000/44000_not/44000072.txt,open_circuit;short_circuit;mouse_bite;spurious_copper;pin_hole
val,group12100_12100046,group12100,group12100/12100/12100046_test.jpg,group12100/12100/12100046_temp.jpg,group12100/12100_not/12100046.txt,open_circuit;short_circuit;mouse_bite;spur;spurious_copper;pin_hole
val,group13000_13000054,group13000,group13000/13000/13000054_test.jpg,group13000/13000/13000054_temp.jpg,group13000/13000_not/13000054.txt,short_circuit;mouse_bite;spur;spurious_copper;pin_hole
val,group20085_20085089,group20085,group20085/20085/20085089_test.jpg,group20085/20085/20085089_temp.jpg,group20085/20085_not/20085089.txt,open_circuit;short_circuit;mouse_bite;spur
val,group12100_12100018,group12100,group12100/12100/12100018_test.jpg,group12100/12100/12100018_temp.jpg,group12100/12100_not/12100018.txt,open_circuit;short_circuit;mouse_bite;spur;spurious_copper;pin_hole
val,group77000_77000089,group77000,group77000/77000/77000089_test.jpg,group77000/77000/77000089_temp.jpg,group77000/77000_not/77000089.txt,open_circuit;short_circuit;mouse_bite;spur;pin_hole
val,group20085_20085066,group20085,group20085/20085/20085066_test.jpg,group20085/20085/20085066_temp.jpg,group20085/20085_not/20085066.txt,open_circuit;short_circuit;spur;spurious_copper;pin_hole
val,group20085_20085323,group20085,group20085/20085/20085323_test.jpg,group20085/20085/20085323_temp.jpg,group20085/20085_not/20085323.txt,open_circuit;short_circuit;mouse_bite;spur;pin_hole
val,group13000_13000037,group13000,group13000/13000/13000037_test.jpg,group13000/13000/13000037_temp.jpg,group13000/13000_not/13000037.txt,open_circuit;short_circuit;mouse_bite;spur;spurious_copper;pin_hole
val,group20085_20085139,group20085,group20085/20085/20085139_test.jpg,group20085/20085/20085139_temp.jpg,group20085/20085_not/20085139.txt,open_circuit;mouse_bite;spur;pin_hole
val,group20085_20085217,group20085,group20085/20085/20085217_test.jpg,group20085/20085/20085217_temp.jpg,group20085/20085_not/20085217.txt,open_circuit;short_circuit;mouse_bite;spur;spurious_copper;pin_hole
val,group13000_13000093,group13000,group13000/13000/13000093_test.jpg,group13000/13000/13000093_temp.jpg,group13000/13000_not/13000093.txt,open_circuit;short_circuit;mouse_bite;spur;spurious_copper;pin_hole
val,group20085_20085242,group20085,group20085/20085/20085242_test.jpg,group20085/20085/20085242_temp.jpg,group20085/20085_not/20085242.txt,open_circuit;short_circuit;mouse_bite;spur;spurious_copper
val,group12300_12300237,group12300,group12300/12300/12300237_test.jpg,group12300/12300/12300237_temp.jpg,group12300/12300_not/12300237.txt,open_circuit;short_circuit;mouse_bite;spurious_copper
val,group20085_20085173,group20085,group20085/20085/20085173_test.jpg,group20085/20085/20085173_temp.jpg,group20085/20085_not/20085173.txt,open_circuit;short_circuit;mouse_bite;spur;pin_hole
val,group92000_92000117,group92000,group92000/92000/92000117_test.jpg,group92000/92000/92000117_temp.jpg,group92000/92000_not/92000117.txt,open_circuit;short_circuit;mouse_bite;spur;pin_hole
val,group20085_20085017,group20085,group20085/20085/20085017_test.jpg,group20085/20085/20085017_temp.jpg,group20085/20085_not/20085017.txt,open_circuit;short_circuit;spur;spurious_copper;pin_hole
val,group90100_90100070,group90100,group90100/90100/90100070_test.jpg,group90100/90100/90100070_temp.jpg,group90100/90100_not/90100070.txt,open_circuit;short_circuit;mouse_bite;spur;spurious_copper
val,group92000_92000011,group92000,group92000/92000/92000011_test.jpg,group92000/92000/92000011_temp.jpg,group92000/92000_not/92000011.txt,open_circuit;mouse_bite;spurious_copper;pin_hole
val,group20085_20085186,group20085,group20085/20085/20085186_test.jpg,group20085/20085/20085186_temp.jpg,group20085/20085_not/20085186.txt,open_circuit;short_circuit;mouse_bite;spur;spurious_copper;pin_hole
val,group00041_00041005,group00041,group00041/00041/00041005_test.jpg,group00041/00041/00041005_temp.jpg,group00041/00041_not/00041005.txt,open_circuit;short_circuit;spur;spurious_copper;pin_hole
val,group13000_13000192,group13000,group13000/13000/13000192_test.jpg,group13000/13000/13000192_temp.jpg,group13000/13000_not/13000192.txt,mouse_bite;spurious_copper;pin_hole
val,group12100_12100014,group12100,group12100/12100/12100014_test.jpg,group12100/12100/12100014_temp.jpg,group12100/12100_not/12100014.txt,open_circuit;short_circuit;mouse_bite;spurious_copper;pin_hole
val,group92000_92000058,group92000,group92000/92000/92000058_test.jpg,group92000/92000/92000058_temp.jpg,group92000/92000_not/92000058.txt,open_circuit;short_circuit;spur;pin_hole
val,group92000_92000074,group92000,group92000/92000/92000074_test.jpg,group92000/92000/92000074_temp.jpg,group92000/92000_not/92000074.txt,open_circuit;mouse_bite;spur;spurious_copper;pin_hole
val,group92000_92000012,group92000,group92000/92000/92000012_test.jpg,group92000/92000/92000012_temp.jpg,group92000/92000_not/92000012.txt,open_circuit;mouse_bite;spur;spurious_copper;pin_hole
val,group00041_00041074,group00041,group00041/00041/00041074_test.jpg,group00041/00041/00041074_temp.jpg,group00041/00041_not/00041074.txt,open_circuit;short_circuit;mouse_bite;spur;spurious_copper;pin_hole
val,group44000_44000065,group44000,group44000/44000/44000065_test.jpg,group44000/44000/44000065_temp.jpg,group44000/44000_not/44000065.txt,open_circuit;short_circuit;mouse_bite;spur;spurious_copper;pin_hole
val,group00041_00041047,group00041,group00041/00041/00041047_test.jpg,group00041/00041/00041047_temp.jpg,group00041/00041_not/00041047.txt,open_circuit;short_circuit;mouse_bite;spur;spurious_copper;pin_hole
val,group00041_00041203,group00041,group00041/00041/00041203_test.jpg,group00041/00041/00041203_temp.jpg,group00041/00041_not/00041203.txt,open_circuit;mouse_bite;spur;spurious_copper;pin_hole
val,group77000_77000008,group77000,group77000/77000/77000008_test.jpg,group77000/77000/77000008_temp.jpg,group77000/77000_not/77000008.txt,open_circuit;short_circuit;mouse_bite;spur;spurious_copper;pin_hole
val,group20085_20085279,group20085,group20085/20085/20085279_test.jpg,group20085/20085/20085279_temp.jpg,group20085/20085_not/20085279.txt,open_circuit;short_circuit;mouse_bite;spur;spurious_copper
val,group12100_12100163,group12100,group12100/12100/12100163_test.jpg,group12100/12100/12100163_temp.jpg,group12100/12100_not/12100163.txt,open_circuit;short_circuit;mouse_bite;spur;spurious_copper;pin_hole
val,group13000_13000200,group13000,group13000/13000/13000200_test.jpg,group13000/13000/13000200_temp.jpg,group13000/13000_not/13000200.txt,mouse_bite;spur;spurious_copper;pin_hole
val,group00041_00041086,group00041,group00041/00041/00041086_test.jpg,group00041/00041/00041086_temp.jpg,group00041/00041_not/00041086.txt,open_circuit;short_circuit;mouse_bite;spur;spurious_copper;pin_hole
val,group20085_20085058,group20085,group20085/20085/20085058_test.jpg,group20085/20085/20085058_temp.jpg,group20085/20085_not/20085058.txt,open_circuit;short_circuit;mouse_bite;spur;spurious_copper;pin_hole
val,group20085_20085227,group20085,group20085/20085/20085227_test.jpg,group20085/20085/20085227_temp.jpg,group20085/20085_not/20085227.txt,open_circuit;short_circuit;spur;spurious_copper;pin_hole
val,group13000_13000044,group13000,group13000/13000/13000044_test.jpg,group13000/13000/13000044_temp.jpg,group13000/13000_not/13000044.txt,open_circuit;short_circuit;mouse_bite;spur;spurious_copper;pin_hole
val,group12300_12300221,group12300,group12300/12300/12300221_test.jpg,group12300/12300/12300221_temp.jpg,group12300/12300_not/12300221.txt,open_circuit;short_circuit;mouse_bite;spur;spurious_copper;pin_hole
val,group13000_13000191,group13000,group13000/13000/13000191_test.jpg,group13000/13000/13000191_temp.jpg,group13000/13000_not/13000191.txt,mouse_bite;spur;spurious_copper;pin_hole
val,group92000_92000080,group92000,group92000/92000/92000080_test.jpg,group92000/92000/92000080_temp.jpg,group92000/92000_not/92000080.txt,open_circuit;short_circuit;spur;spurious_copper;pin_hole
val,group00041_00041000,group00041,group00041/00041/00041000_test.jpg,group00041/00041/00041000_temp.jpg,group00041/00041_not/00041000.txt,open_circuit;short_circuit;mouse_bite;spur;spurious_copper;pin_hole
val,group12100_12100128,group12100,group12100/12100/12100128_test.jpg,group12100/12100/12100128_temp.jpg,group12100/12100_not/12100128.txt,open_circuit;mouse_bite;spurious_copper;pin_hole
val,group13000_13000103,group13000,group13000/13000/13000103_test.jpg,group13000/13000/13000103_temp.jpg,group13000/13000_not/13000103.txt,open_circuit;mouse_bite;spur;spurious_copper;pin_hole
val,group77000_77000044,group77000,group77000/77000/77000044_test.jpg,group77000/77000/77000044_temp.jpg,group77000/77000_not/77000044.txt,open_circuit;short_circuit;mouse_bite;spur;spurious_copper;pin_hole
val,group90100_90100029,group90100,group90100/90100/90100029_test.jpg,group90100/90100/90100029_temp.jpg,group90100/90100_not/90100029.txt,open_circuit;mouse_bite;spur;spurious_copper;pin_hole
val,group13000_13000154,group13000,group13000/13000/13000154_test.jpg,group13000/13000/13000154_temp.jpg,group13000/13000_not/13000154.txt,open_circuit;spur;spurious_copper;pin_hole
val,group77000_77000074,group77000,group77000/77000/77000074_test.jpg,group77000/77000/77000074_temp.jpg,group77000/77000_not/77000074.txt,open_circuit;short_circuit;mouse_bite;spur
val,group20085_20085188,group20085,group20085/20085/20085188_test.jpg,group20085/20085/20085188_temp.jpg,group20085/20085_not/20085188.txt,open_circuit;short_circuit;mouse_bite;spur;spurious_copper
val,group00041_00041003,group00041,group00041/00041/00041003_test.jpg,group00041/00041/00041003_temp.jpg,group00041/00041_not/00041003.txt,open_circuit;mouse_bite;spurious_copper;pin_hole
val,group50600_50600000,group50600,group50600/50600/50600000_test.jpg,group50600/50600/50600000_temp.jpg,group50600/50600_not/50600000.txt,short_circuit;mouse_bite;spur;spurious_copper;pin_hole
val,group44000_44000050,group44000,group44000/44000/44000050_test.jpg,group44000/44000/44000050_temp.jpg,group44000/44000_not/44000050.txt,open_circuit;short_circuit;mouse_bite;spur;spurious_copper;pin_hole
val,group77000_77000000,group77000,group77000/77000/77000000_test.jpg,group77000/77000/77000000_temp.jpg,group77000/77000_not/77000000.txt,open_circuit;short_circuit;mouse_bite
val,group20085_20085194,group20085,group20085/20085/20085194_test.jpg,group20085/20085/20085194_temp.jpg,group20085/20085_not/20085194.txt,open_circuit;short_circuit;mouse_bite;spur;spurious_copper;pin_hole
val,group90100_90100038,group90100,group90100/90100/90100038_test.jpg,group90100/90100/90100038_temp.jpg,group90100/90100_not/90100038.txt,open_circuit;short_circuit;mouse_bite;spurious_copper;pin_hole
val,group50600_50600017,group50600,group50600/50600/50600017_test.jpg,group50600/50600/50600017_temp.jpg,group50600/50600_not/50600017.txt,open_circuit;short_circuit;spur;spurious_copper;pin_hole
val,group13000_13000199,group13000,group13000/13000/13000199_test.jpg,group13000/13000/13000199_temp.jpg,group13000/13000_not/13000199.txt,open_circuit;mouse_bite;spur;spurious_copper;pin_hole
val,group13000_13000092,group13000,group13000/13000/13000092_test.jpg,group13000/13000/13000092_temp.jpg,group13000/13000_not/13000092.txt,open_circuit;short_circuit;mouse_bite;spur;spurious_copper;pin_hole
val,group13000_13000193,group13000,group13000/13000/13000193_test.jpg,group13000/13000/13000193_temp.jpg,group13000/13000_not/13000193.txt,open_circuit;mouse_bite;spur;pin_hole
val,group00041_00041048,group00041,group00041/00041/00041048_test.jpg,group00041/00041/00041048_temp.jpg,group00041/00041_not/00041048.txt,open_circuit;short_circuit;mouse_bite;spur;spurious_copper;pin_hole
val,group13000_13000146,group13000,group13000/13000/13000146_test.jpg,group13000/13000/13000146_temp.jpg,group13000/13000_not/13000146.txt,spur;pin_hole
val,group20085_20085247,group20085,group20085/20085/20085247_test.jpg,group20085/20085/20085247_temp.jpg,group20085/20085_not/20085247.txt,open_circuit;short_circuit;mouse_bite;spur;spurious_copper
val,group00041_00041079,group00041,group00041/00041/00041079_test.jpg,group00041/00041/00041079_temp.jpg,group00041/00041_not/00041079.txt,open_circuit;short_circuit;mouse_bite;spur;spurious_copper;pin_hole
val,group92000_92000096,group92000,group92000/92000/92000096_test.jpg,group92000/92000/92000096_temp.jpg,group92000/92000_not/92000096.txt,open_circuit;short_circuit;spur;spurious_copper;pin_hole
val,group20085_20085148,group20085,group20085/20085/20085148_test.jpg,group20085/20085/20085148_temp.jpg,group20085/20085_not/20085148.txt,open_circuit;short_circuit;mouse_bite;spur;spurious_copper;pin_hole
val,group00041_00041050,group00041,group00041/00041/00041050_test.jpg,group00041/00041/00041050_temp.jpg,group00041/00041_not/00041050.txt,open_circuit;short_circuit;mouse_bite;spur;pin_hole
val,group12100_12100182,group12100,group12100/12100/12100182_test.jpg,group12100/12100/12100182_temp.jpg,group12100/12100_not/12100182.txt,open_circuit;short_circuit;mouse_bite;spurious_copper
val,group12100_12100136,group12100,group12100/12100/12100136_test.jpg,group12100/12100/12100136_temp.jpg,group12100/12100_not/12100136.txt,open_circuit;short_circuit;mouse_bite;spurious_copper;pin_hole
val,group00041_00041210,group00041,group00041/00041/00041210_test.jpg,group00041/00041/00041210_temp.jpg,group00041/00041_not/00041210.txt,open_circuit;mouse_bite;spur;spurious_copper;pin_hole
val,group77000_77000064,group77000,group77000/77000/77000064_test.jpg,group77000/77000/77000064_temp.jpg,group77000/77000_not/77000064.txt,mouse_bite;spur;spurious_copper;pin_hole
val,group00041_00041085,group00041,group00041/00041/00041085_test.jpg,group00041/00041/00041085_temp.jpg,group00041/00041_not/00041085.txt,open_circuit;short_circuit;mouse_bite;spur;spurious_copper;pin_hole
val,group12100_12100123,group12100,group12100/12100/12100123_test.jpg,group12100/12100/12100123_temp.jpg,group12100/12100_not/12100123.txt,open_circuit;short_circuit;spur;pin_hole
val,group00041_00041073,group00041,group00041/00041/00041073_test.jpg,group00041/00041/00041073_temp.jpg,group00041/00041_not/00041073.txt,open_circuit;short_circuit;mouse_bite;spurious_copper;pin_hole
val,group50600_50600043,group50600,group50600/50600/50600043_test.jpg,group50600/50600/50600043_temp.jpg,group50600/50600_not/50600043.txt,open_circuit;short_circuit;mouse_bite;spurious_copper;pin_hole
val,group20085_20085209,group20085,group20085/20085/20085209_test.jpg,group20085/20085/20085209_temp.jpg,group20085/20085_not/20085209.txt,open_circuit;short_circuit;mouse_bite;spur;spurious_copper;pin_hole
val,group13000_13000204,group13000,group13000/13000/13000204_test.jpg,group13000/13000/13000204_temp.jpg,group13000/13000_not/13000204.txt,open_circuit;mouse_bite;spur;spurious_copper;pin_hole
val,group13000_13000087,group13000,group13000/13000/13000087_test.jpg,group13000/13000/13000087_temp.jpg,group13000/13000_not/13000087.txt,open_circuit;short_circuit;mouse_bite;spur;spurious_copper;pin_hole
val,group00041_00041104,group00041,group00041/00041/00041104_test.jpg,group00041/00041/00041104_temp.jpg,group00041/00041_not/00041104.txt,open_circuit;mouse_bite;spur;spurious_copper;pin_hole
val,group90100_90100018,group90100,group90100/90100/90100018_test.jpg,group90100/90100/90100018_temp.jpg,group90100/90100_not/90100018.txt,open_circuit;short_circuit;mouse_bite;spur;spurious_copper;pin_hole
val,group12300_12300125,group12300,group12300/12300/12300125_test.jpg,group12300/12300/12300125_temp.jpg,group12300/12300_not/12300125.txt,open_circuit;mouse_bite;spurious_copper;pin_hole
val,group13000_13000098,group13000,group13000/13000/13000098_test.jpg,group13000/13000/13000098_temp.jpg,group13000/13000_not/13000098.txt,open_circuit;short_circuit;mouse_bite;spur;spurious_copper;pin_hole
val,group12100_12100001,group12100,group12100/12100/12100001_test.jpg,group12100/12100/12100001_temp.jpg,group12100/12100_not/12100001.txt,open_circuit;short_circuit;mouse_bite;spur;spurious_copper;pin_hole
val,group00041_00041212,group00041,group00041/00041/00041212_test.jpg,group00041/00041/00041212_temp.jpg,group00041/00041_not/00041212.txt,open_circuit;short_circuit;mouse_bite;spurious_copper
val,group13000_13000134,group13000,group13000/13000/13000134_test.jpg,group13000/13000/13000134_temp.jpg,group13000/13000_not/13000134.txt,mouse_bite;spur;spurious_copper;pin_hole
val,group90100_90100058,group90100,group90100/90100/90100058_test.jpg,group90100/90100/90100058_temp.jpg,group90100/90100_not/90100058.txt,open_circuit;short_circuit;mouse_bite;spur;spurious_copper;pin_hole
val,group77000_77000094,group77000,group77000/77000/77000094_test.jpg,group77000/77000/77000094_temp.jpg,group77000/77000_not/77000094.txt,open_circuit;mouse_bite;spurious_copper;pin_hole
val,group20085_20085061,group20085,group20085/20085/20085061_test.jpg,group20085/20085/20085061_temp.jpg,group20085/20085_not/20085061.txt,open_circuit;short_circuit;mouse_bite;spur;spurious_copper;pin_hole
val,group50600_50600067,group50600,group50600/50600/50600067_test.jpg,group50600/50600/50600067_temp.jpg,group50600/50600_not/50600067.txt,open_circuit;short_circuit;spur;pin_hole
val,group44000_44000027,group44000,group44000/44000/44000027_test.jpg,group44000/44000/44000027_temp.jpg,group44000/44000_not/44000027.txt,open_circuit;short_circuit;mouse_bite;spur;spurious_copper;pin_hole
val,group00041_00041150,group00041,group00041/00041/00041150_test.jpg,group00041/00041/00041150_temp.jpg,group00041/00041_not/00041150.txt,open_circuit;short_circuit;mouse_bite;spur;spurious_copper;pin_hole
val,group00041_00041019,group00041,group00041/00041/00041019_test.jpg,group00041/00041/00041019_temp.jpg,group00041/00041_not/00041019.txt,open_circuit;mouse_bite;spur;spurious_copper;pin_hole
val,group20085_20085241,group20085,group20085/20085/20085241_test.jpg,group20085/20085/20085241_temp.jpg,group20085/20085_not/20085241.txt,open_circuit;short_circuit;mouse_bite;spur;spurious_copper;pin_hole
val,group92000_92000008,group92000,group92000/92000/92000008_test.jpg,group92000/92000/92000008_temp.jpg,group92000/92000_not/92000008.txt,open_circuit;short_circuit;mouse_bite;spur;spurious_copper;pin_hole
val,group12300_12300127,group12300,group12300/12300/12300127_test.jpg,group12300/12300/12300127_temp.jpg,group12300/12300_not/12300127.txt,short_circuit;mouse_bite;spurious_copper;pin_hole
val,group44000_44000062,group44000,group44000/44000/44000062_test.jpg,group44000/44000/44000062_temp.jpg,group44000/44000_not/44000062.txt,open_circuit;short_circuit;mouse_bite;spur;spurious_copper;pin_hole
val,group00041_00041167,group00041,group00041/00041/00041167_test.jpg,group00041/00041/00041167_temp.jpg,group00041/00041_not/00041167.txt,open_circuit;short_circuit;spur;spurious_copper;pin_hole
val,group50600_50600046,group50600,group50600/50600/50600046_test.jpg,group50600/50600/50600046_temp.jpg,group50600/50600_not/50600046.txt,open_circuit;short_circuit;mouse_bite;spur;pin_hole
val,group13000_13000002,group13000,group13000/13000/13000002_test.jpg,group13000/13000/13000002_temp.jpg,group13000/13000_not/13000002.txt,short_circuit;mouse_bite;spur;spurious_copper;pin_hole
val,group12100_12100200,group12100,group12100/12100/12100200_test.jpg,group12100/12100/12100200_temp.jpg,group12100/12100_not/12100200.txt,open_circuit;short_circuit;mouse_bite;spur;spurious_copper;pin_hole
val,group00041_00041116,group00041,group00041/00041/00041116_test.jpg,group00041/00041/00041116_temp.jpg,group00041/00041_not/00041116.txt,open_circuit;mouse_bite;spur;spurious_copper;pin_hole
val,group44000_44000020,group44000,group44000/44000/44000020_test.jpg,group44000/44000/44000020_temp.jpg,group44000/44000_not/44000020.txt,open_circuit;short_circuit;mouse_bite;spur;spurious_copper;pin_hole
val,group00041_00041117,group00041,group00041/00041/00041117_test.jpg,group00041/00041/00041117_temp.jpg,group00041/00041_not/00041117.txt,open_circuit;mouse_bite;spur;spurious_copper;pin_hole
val,group13000_13000163,group13000,group13000/13000/13000163_test.jpg,group13000/13000/13000163_temp.jpg,group13000/13000_not/13000163.txt,short_circuit;spur;spurious_copper;pin_hole
val,group50600_50600066,group50600,group50600/50600/50600066_test.jpg,group50600/50600/50600066_temp.jpg,group50600/50600_not/50600066.txt,open_circuit;short_circuit;mouse_bite;spur;pin_hole
val,group12300_12300067,group12300,group12300/12300/12300067_test.jpg,group12300/12300/12300067_temp.jpg,group12300/12300_not/12300067.txt,open_circuit;mouse_bite;spur
val,group50600_50600018,group50600,group50600/50600/50600018_test.jpg,group50600/50600/50600018_temp.jpg,group50600/50600_not/50600018.txt,open_circuit;short_circuit;mouse_bite;spur;pin_hole
val,group20085_20085236,group20085,group20085/20085/20085236_test.jpg,group20085/20085/20085236_temp.jpg,group20085/20085_not/20085236.txt,open_circuit;short_circuit;mouse_bite;spur;spurious_copper;pin_hole
val,group20085_20085104,group20085,group20085/20085/20085104_test.jpg,group20085/20085/20085104_temp.jpg,group20085/20085_not/20085104.txt,open_circuit;short_circuit;spur;spurious_copper
val,group12100_12100157,group12100,group12100/12100/12100157_test.jpg,group12100/12100/12100157_temp.jpg,group12100/12100_not/12100157.txt,open_circuit;short_circuit;mouse_bite;spur;spurious_copper;pin_hole
val,group20085_20085290,group20085,group20085/20085/20085290_test.jpg,group20085/20085/20085290_temp.jpg,group20085/20085_not/20085290.txt,open_circuit;short_circuit;mouse_bite;spur;pin_hole
val,group13000_13000005,group13000,group13000/13000/13000005_test.jpg,group13000/13000/13000005_temp.jpg,group13000/13000_not/13000005.txt,open_circuit;short_circuit;mouse_bite;spur;spurious_copper;pin_hole
val,group00041_00041030,group00041,group00041/00041/00041030_test.jpg,group00041/00041/00041030_temp.jpg,group00041/00041_not/00041030.txt,open_circuit;short_circuit;mouse_bite;spur;spurious_copper;pin_hole
val,group00041_00041200,group00041,group00041/00041/00041200_test.jpg,group00041/00041/00041200_temp.jpg,group00041/00041_not/00041200.txt,open_circuit;mouse_bite;spur;spurious_copper;pin_hole
val,group00041_00041154,group00041,group00041/00041/00041154_test.jpg,group00041/00041/00041154_temp.jpg,group00041/00041_not/00041154.txt,open_circuit;short_circuit;mouse_bite;spur;spurious_copper;pin_hole
val,group12100_12100195,group12100,group12100/12100/12100195_test.jpg,group12100/12100/12100195_temp.jpg,group12100/12100_not/12100195.txt,open_circuit;mouse_bite;spur;spurious_copper;pin_hole
val,group20085_20085223,group20085,group20085/20085/20085223_test.jpg,group20085/20085/20085223_temp.jpg,group20085/20085_not/20085223.txt,open_circuit;short_circuit;mouse_bite;spur;spurious_copper;pin_hole
val,group12000_12000038,group12000,group12000/12000/12000038_test.jpg,group12000/12000/12000038_temp.jpg,group12000/12000_not/12000038.txt,open_circuit;short_circuit;mouse_bite;spur;spurious_copper;pin_hole
val,group00041_00041124,group00041,group00041/00041/00041124_test.jpg,group00041/00041/00041124_temp.jpg,group00041/00041_not/00041124.txt,open_circuit;short_circuit;mouse_bite;spur;spurious_copper;pin_hole
val,group20085_20085146,group20085,group20085/20085/20085146_test.jpg,group20085/20085/20085146_temp.jpg,group20085/20085_not/20085146.txt,open_circuit;short_circuit;mouse_bite;spur;pin_hole
val,group20085_20085030,group20085,group20085/20085/20085030_test.jpg,group20085/20085/20085030_temp.jpg,group20085/20085_not/20085030.txt,open_circuit;short_circuit;spur;spurious_copper;pin_hole
val,group00041_00041193,group00041,group00041/00041/00041193_test.jpg,group00041/00041/00041193_temp.jpg,group00041/00041_not/00041193.txt,open_circuit;mouse_bite;spur;spurious_copper;pin_hole
val,group77000_77000063,group77000,group77000/77000/77000063_test.jpg,group77000/77000/77000063_temp.jpg,group77000/77000_not/77000063.txt,open_circuit;short_circuit;mouse_bite;spurious_copper
val,group13000_13000018,group13000,group13000/13000/13000018_test.jpg,group13000/13000/13000018_temp.jpg,group13000/13000_not/13000018.txt,mouse_bite;spur;pin_hole
val,group50600_50600049,group50600,group50600/50600/50600049_test.jpg,group50600/50600/50600049_temp.jpg,group50600/50600_not/50600049.txt,open_circuit;short_circuit;mouse_bite;spur;spurious_copper;pin_hole
val,group12300_12300148,group12300,group12300/12300/12300148_test.jpg,group12300/12300/12300148_temp.jpg,group12300/12300_not/12300148.txt,open_circuit;short_circuit;mouse_bite;spurious_copper;pin_hole
val,group44000_44000044,group44000,group44000/44000/44000044_test.jpg,group44000/44000/44000044_temp.jpg,group44000/44000_not/44000044.txt,open_circuit;mouse_bite;spur;spurious_copper;pin_hole
val,group13000_13000197,group13000,group13000/13000/13000197_test.jpg,group13000/13000/13000197_temp.jpg,group13000/13000_not/13000197.txt,open_circuit;short_circuit;mouse_bite;spur;spurious_copper;pin_hole
val,group12300_12300238,group12300,group12300/12300/12300238_test.jpg,group12300/12300/12300238_temp.jpg,group12300/12300_not/12300238.txt,open_circuit;short_circuit;mouse_bite;spur;spurious_copper;pin_hole
val,group77000_77000006,group77000,group77000/77000/77000006_test.jpg,group77000/77000/77000006_temp.jpg,group77000/77000_not/77000006.txt,open_circuit;mouse_bite;spur;spurious_copper;pin_hole
val,group12300_12300241,group12300,group12300/12300/12300241_test.jpg,group12300/12300/12300241_temp.jpg,group12300/12300_not/12300241.txt,open_circuit;short_circuit;spur;spurious_copper;pin_hole
val,group13000_13000213,group13000,group13000/13000/13000213_test.jpg,group13000/13000/13000213_temp.jpg,group13000/13000_not/13000213.txt,open_circuit;mouse_bite
val,group12300_12300229,group12300,group12300/12300/12300229_test.jpg,group12300/12300/12300229_temp.jpg,group12300/12300_not/12300229.txt,open_circuit;short_circuit;mouse_bite;spurious_copper;pin_hole
val,group12100_12100012,group12100,group12100/12100/12100012_test.jpg,group12100/12100/12100012_temp.jpg,group12100/12100_not/12100012.txt,open_circuit;mouse_bite;spur;spurious_copper;pin_hole
val,group20085_20085202,group20085,group20085/20085/20085202_test.jpg,group20085/20085/20085202_temp.jpg,group20085/20085_not/20085202.txt,open_circuit;short_circuit;mouse_bite;spur;spurious_copper;pin_hole
val,group13000_13000159,group13000,group13000/13000/13000159_test.jpg,group13000/13000/13000159_temp.jpg,group13000/13000_not/13000159.txt,mouse_bite;spur;spurious_copper;pin_hole
val,group92000_92000037,group92000,group92000/92000/92000037_test.jpg,group92000/92000/92000037_temp.jpg,group92000/92000_not/92000037.txt,open_circuit;short_circuit;spur;pin_hole
val,group44000_44000073,group44000,group44000/44000/44000073_test.jpg,group44000/44000/44000073_temp.jpg,group44000/44000_not/44000073.txt,open_circuit;short_circuit;mouse_bite;spur;spurious_copper;pin_hole
val,group12100_12100158,group12100,group12100/12100/12100158_test.jpg,group12100/12100/12100158_temp.jpg,group12100/12100_not/12100158.txt,open_circuit;short_circuit;mouse_bite;spur;spurious_copper;pin_hole
val,group12100_12100027,group12100,group12100/12100/12100027_test.jpg,group12100/12100/12100027_temp.jpg,group12100/12100_not/12100027.txt,open_circuit;short_circuit;mouse_bite;spur;spurious_copper;pin_hole
val,group20085_20085300,group20085,group20085/20085/20085300_test.jpg,group20085/20085/20085300_temp.jpg,group20085/20085_not/20085300.txt,open_circuit;mouse_bite;spur;spurious_copper
val,group92000_92000013,group92000,group92000/92000/92000013_test.jpg,group92000/92000/92000013_temp.jpg,group92000/92000_not/92000013.txt,open_circuit;short_circuit;spurious_copper;pin_hole
val,group13000_13000011,group13000,group13000/13000/13000011_test.jpg,group13000/13000/13000011_temp.jpg,group13000/13000_not/13000011.txt,open_circuit;short_circuit;mouse_bite;spur;spurious_copper
val,group20085_20085048,group20085,group20085/20085/20085048_test.jpg,group20085/20085/20085048_temp.jpg,group20085/20085_not/20085048.txt,open_circuit;mouse_bite;spur;spurious_copper;pin_hole
val,group13000_13000184,group13000,group13000/13000/13000184_test.jpg,group13000/13000/13000184_temp.jpg,group13000/13000_not/13000184.txt,open_circuit;mouse_bite;spur;spurious_copper;pin_hole
val,group44000_44000079,group44000,group44000/44000/44000079_test.jpg,group44000/44000/44000079_temp.jpg,group44000/44000_not/44000079.txt,open_circuit;short_circuit;mouse_bite;spur;spurious_copper;pin_hole
val,group20085_20085070,group20085,group20085/20085/20085070_test.jpg,group20085/20085/20085070_temp.jpg,group20085/20085_not/20085070.txt,open_circuit;short_circuit;mouse_bite;spurious_copper
val,group92000_92000035,group92000,group92000/92000/92000035_test.jpg,group92000/92000/92000035_temp.jpg,group92000/92000_not/92000035.txt,open_circuit;short_circuit;spur;spurious_copper;pin_hole
val,group13000_13000132,group13000,group13000/13000/13000132_test.jpg,group13000/13000/13000132_temp.jpg,group13000/13000_not/13000132.txt,mouse_bite;spurious_copper;pin_hole
val,group00041_00041217,group00041,group00041/00041/00041217_test.jpg,group00041/00041/00041217_temp.jpg,group00041/00041_not/00041217.txt,open_circuit;mouse_bite;spur;spurious_copper;pin_hole
val,group12100_12100185,group12100,group12100/12100/12100185_test.jpg,group12100/12100/12100185_temp.jpg,group12100/12100_not/12100185.txt,open_circuit;short_circuit;spur;spurious_copper;pin_hole
val,group00041_00041006,group00041,group00041/00041/00041006_test.jpg,group00041/00041/00041006_temp.jpg,group00041/00041_not/00041006.txt,open_circuit;short_circuit;mouse_bite;spur;spurious_copper;pin_hole
val,group92000_92000118,group92000,group92000/92000/92000118_test.jpg,group92000/92000/92000118_temp.jpg,group92000/92000_not/92000118.txt,open_circuit;spur;spurious_copper;pin_hole
val,group92000_92000083,group92000,group92000/92000/92000083_test.jpg,group92000/92000/92000083_temp.jpg,group92000/92000_not/92000083.txt,mouse_bite;spur;spurious_copper;pin_hole
val,group44000_44000093,group44000,group44000/44000/44000093_test.jpg,group44000/44000/44000093_temp.jpg,group44000/44000_not/44000093.txt,open_circuit;short_circuit;mouse_bite;spur;spurious_copper;pin_hole
val,group50600_50600013,group50600,group50600/50600/50600013_test.jpg,group50600/50600/50600013_temp.jpg,group50600/50600_not/50600013.txt,open_circuit;short_circuit;mouse_bite;spurious_copper;pin_hole
val,group77000_77000021,group77000,group77000/77000/77000021_test.jpg,group77000/77000/77000021_temp.jpg,group77000/77000_not/77000021.txt,open_circuit;mouse_bite;spur;spurious_copper;pin_hole
val,group20085_20085086,group20085,group20085/20085/20085086_test.jpg,group20085/20085/20085086_temp.jpg,group20085/20085_not/20085086.txt,open_circuit;short_circuit;spur
val,group77000_77000022,group77000,group77000/77000/77000022_test.jpg,group77000/77000/77000022_temp.jpg,group77000/77000_not/77000022.txt,open_circuit;short_circuit;mouse_bite;spur
val,group12100_12100133,group12100,group12100/12100/12100133_test.jpg,group12100/12100/12100133_temp.jpg,group12100/12100_not/12100133.txt,open_circuit;short_circuit;mouse_bite;spur;spurious_copper;pin_hole
val,group00041_00041186,group00041,group00041/00041/00041186_test.jpg,group00041/00041/00041186_temp.jpg,group00041/00041_not/00041186.txt,open_circuit;short_circuit;mouse_bite;spur;pin_hole
val,group20085_20085046,group20085,group20085/20085/20085046_test.jpg,group20085/20085/20085046_temp.jpg,group20085/20085_not/20085046.txt,open_circuit;short_circuit;mouse_bite;spur;spurious_copper;pin_hole
val,group50600_50600075,group50600,group50600/50600/50600075_test.jpg,group50600/50600/50600075_temp.jpg,group50600/50600_not/50600075.txt,open_circuit;short_circuit;mouse_bite;spur;pin_hole
val,group50600_50600077,group50600,group50600/50600/50600077_test.jpg,group50600/50600/50600077_temp.jpg,group50600/50600_not/50600077.txt,open_circuit;short_circuit;mouse_bite;spurious_copper;pin_hole
val,group92000_92000113,group92000,group92000/92000/92000113_test.jpg,group92000/92000/92000113_temp.jpg,group92000/92000_not/92000113.txt,open_circuit;mouse_bite;spurious_copper;pin_hole
val,group13000_13000063,group13000,group13000/13000/13000063_test.jpg,group13000/13000/13000063_temp.jpg,group13000/13000_not/13000063.txt,open_circuit;short_circuit;mouse_bite;spur;pin_hole
val,group90100_90100011,group90100,group90100/90100/90100011_test.jpg,group90100/90100/90100011_temp.jpg,group90100/90100_not/90100011.txt,open_circuit;short_circuit;mouse_bite;spur;spurious_copper;pin_hole
val,group90100_90100042,group90100,group90100/90100/90100042_test.jpg,group90100/90100/90100042_temp.jpg,group90100/90100_not/90100042.txt,open_circuit;short_circuit;spur;spurious_copper;pin_hole
val,group50600_50600041,group50600,group50600/50600/50600041_test.jpg,group50600/50600/50600041_temp.jpg,group50600/50600_not/50600041.txt,open_circuit;short_circuit;spur;spurious_copper;pin_hole
val,group13000_13000069,group13000,group13000/13000/13000069_test.jpg,group13000/13000/13000069_temp.jpg,group13000/13000_not/13000069.txt,open_circuit;short_circuit;mouse_bite;spur;spurious_copper;pin_hole
val,group13000_13000167,group13000,group13000/13000/13000167_test.jpg,group13000/13000/13000167_temp.jpg,group13000/13000_not/13000167.txt,mouse_bite;spurious_copper;pin_hole
val,group13000_13000185,group13000,group13000/13000/13000185_test.jpg,group13000/13000/13000185_temp.jpg,group13000/13000_not/13000185.txt,open_circuit;mouse_bite;spurious_copper;pin_hole
val,group50600_50600020,group50600,group50600/50600/50600020_test.jpg,group50600/50600/50600020_temp.jpg,group50600/50600_not/50600020.txt,open_circuit;short_circuit;mouse_bite;spurious_copper;pin_hole
val,group20085_20085082,group20085,group20085/20085/20085082_test.jpg,group20085/20085/20085082_temp.jpg,group20085/20085_not/20085082.txt,open_circuit;short_circuit;spur;spurious_copper;pin_hole
val,group92000_92000115,group92000,group92000/92000/92000115_test.jpg,group92000/92000/92000115_temp.jpg,group92000/92000_not/92000115.txt,open_circuit;mouse_bite;spur;spurious_copper;pin_hole
val,group77000_77000101,group77000,group77000/77000/77000101_test.jpg,group77000/77000/77000101_temp.jpg,group77000/77000_not/77000101.txt,short_circuit;spur;spurious_copper;pin_hole
val,group00041_00041146,group00041,group00041/00041/00041146_test.jpg,group00041/00041/00041146_temp.jpg,group00041/00041_not/00041146.txt,open_circuit;mouse_bite;spur;spurious_copper
val,group92000_92000019,group92000,group92000/92000/92000019_test.jpg,group92000/92000/92000019_temp.jpg,group92000/92000_not/92000019.txt,open_circuit;short_circuit;mouse_bite;pin_hole
val,group12300_12300138,group12300,group12300/12300/12300138_test.jpg,group12300/12300/12300138_temp.jpg,group12300/12300_not/12300138.txt,open_circuit;short_circuit;mouse_bite;spur;pin_hole
val,group12100_12100153,group12100,group12100/12100/12100153_test.jpg,group12100/12100/12100153_temp.jpg,group12100/12100_not/12100153.txt,open_circuit;short_circuit;mouse_bite;spurious_copper;pin_hole
val,group20085_20085233,group20085,group20085/20085/20085233_test.jpg,group20085/20085/20085233_temp.jpg,group20085/20085_not/20085233.txt,open_circuit;short_circuit;mouse_bite;spur;spurious_copper;pin_hole
val,group92000_92000102,group92000,group92000/92000/92000102_test.jpg,group92000/92000/92000102_temp.jpg,group92000/92000_not/92000102.txt,open_circuit;short_circuit;mouse_bite;spur
val,group13000_13000113,group13000,group13000/13000/13000113_test.jpg,group13000/13000/13000113_temp.jpg,group13000/13000_not/13000113.txt,mouse_bite;spurious_copper;pin_hole
val,group00041_00041093,group00041,group00041/00041/00041093_test.jpg,group00041/00041/00041093_temp.jpg,group00041/00041_not/00041093.txt,open_circuit;short_circuit;spur;spurious_copper;pin_hole
val,group20085_20085045,group20085,group20085/20085/20085045_test.jpg,group20085/20085/20085045_temp.jpg,group20085/20085_not/20085045.txt,open_circuit;short_circuit;mouse_bite;spur;spurious_copper;pin_hole
val,group77000_77000088,group77000,group77000/77000/77000088_test.jpg,group77000/77000/77000088_temp.jpg,group77000/77000_not/77000088.txt,open_circuit;mouse_bite;spur;spurious_copper;pin_hole
val,group20085_20085080,group20085,group20085/20085/20085080_test.jpg,group20085/20085/20085080_temp.jpg,group20085/20085_not/20085080.txt,open_circuit;short_circuit;mouse_bite;spur;spurious_copper;pin_hole
val,group20085_20085245,group20085,group20085/20085/20085245_test.jpg,group20085/20085/20085245_temp.jpg,group20085/20085_not/20085245.txt,open_circuit;short_circuit;mouse_bite;spur;spurious_copper;pin_hole
val,group20085_20085009,group20085,group20085/20085/20085009_test.jpg,group20085/20085/20085009_temp.jpg,group20085/20085_not/20085009.txt,short_circuit;mouse_bite;spur;pin_hole
val,group00041_00041198,group00041,group00041/00041/00041198_test.jpg,group00041/00041/00041198_temp.jpg,group00041/00041_not/00041198.txt,open_circuit;mouse_bite;spurious_copper;pin_hole
val,group00041_00041189,group00041,group00041/00041/00041189_test.jpg,group00041/00041/00041189_temp.jpg,group00041/00041_not/00041189.txt,open_circuit;short_circuit;mouse_bite;spur;spurious_copper;pin_hole
val,group12100_12100138,group12100,group12100/12100/12100138_test.jpg,group12100/12100/12100138_temp.jpg,group12100/12100_not/12100138.txt,open_circuit;mouse_bite;spurious_copper;pin_hole
val,group20085_20085170,group20085,group20085/20085/20085170_test.jpg,group20085/20085/20085170_temp.jpg,group20085/20085_not/20085170.txt,open_circuit;short_circuit;spur;spurious_copper;pin_hole
val,group00041_00041013,group00041,group00041/00041/00041013_test.jpg,group00041/00041/00041013_temp.jpg,group00041/00041_not/00041013.txt,open_circuit;short_circuit;mouse_bite;spur;spurious_copper;pin_hole
val,group20085_20085224,group20085,group20085/20085/20085224_test.jpg,group20085/20085/20085224_temp.jpg,group20085/20085_not/20085224.txt,open_circuit;short_circuit;mouse_bite;spur;spurious_copper;pin_hole
val,group92000_92000056,group92000,group92000/92000/92000056_test.jpg,group92000/92000/92000056_temp.jpg,group92000/92000_not/92000056.txt,open_circuit;short_circuit;mouse_bite;spur;spurious_copper;pin_hole
val,group50600_50600029,group50600,group50600/50600/50600029_test.jpg,group50600/50600/50600029_temp.jpg,group50600/50600_not/50600029.txt,open_circuit;short_circuit;spur;spurious_copper;pin_hole
val,group44000_44000025,group44000,group44000/44000/44000025_test.jpg,group44000/44000/44000025_temp.jpg,group44000/44000_not/44000025.txt,open_circuit;short_circuit;mouse_bite;spur;spurious_copper;pin_hole
val,group00041_00041191,group00041,group00041/00041/00041191_test.jpg,group00041/00041/00041191_temp.jpg,group00041/00041_not/00041191.txt,open_circuit;mouse_bite;pin_hole
val,group00041_00041065,group00041,group00041/00041/00041065_test.jpg,group00041/00041/00041065_temp.jpg,group00041/00041_not/00041065.txt,open_circuit;short_circuit;mouse_bite;spur;spurious_copper;pin_hole
val,group44000_44000110,group44000,group44000/44000/44000110_test.jpg,group44000/44000/44000110_temp.jpg,group44000/44000_not/44000110.txt,open_circuit;short_circuit;mouse_bite;spur;spurious_copper;pin_hole
val,group12100_12100050,group12100,group12100/12100/12100050_test.jpg,group12100/12100/12100050_temp.jpg,group12100/12100_not/12100050.txt,open_circuit;mouse_bite;spur;pin_hole
val,group13000_13000022,group13000,group13000/13000/13000022_test.jpg,group13000/13000/13000022_temp.jpg,group13000/13000_not/13000022.txt,open_circuit;short_circuit;mouse_bite;spur;spurious_copper;pin_hole
val,group00041_00041051,group00041,group00041/00041/00041051_test.jpg,group00041/00041/00041051_temp.jpg,group00041/00041_not/00041051.txt,open_circuit;short_circuit;mouse_bite;spurious_copper;pin_hole
val,group12000_12000119,group12000,group12000/12000/12000119_test.jpg,group12000/12000/12000119_temp.jpg,group12000/12000_not/12000119.txt,open_circuit;short_circuit;mouse_bite;spur;spurious_copper;pin_hole
val,group90100_90100003,group90100,group90100/90100/90100003_test.jpg,group90100/90100/90100003_temp.jpg,group90100/90100_not/90100003.txt,open_circuit;short_circuit;mouse_bite;spur;spurious_copper;pin_hole
test,group90100_90100078,group90100,group90100/90100/90100078_test.jpg,group90100/90100/90100078_temp.jpg,group90100/90100_not/90100078.txt,open_circuit;short_circuit;mouse_bite;spurious_copper;pin_hole
test,group77000_77000096,group77000,group77000/77000/77000096_test.jpg,group77000/77000/77000096_temp.jpg,group77000/77000_not/77000096.txt,open_circuit;short_circuit;spur;spurious_copper;pin_hole
test,group00041_00041029,group00041,group00041/00041/00041029_test.jpg,group00041/00041/00041029_temp.jpg,group00041/00041_not/00041029.txt,mouse_bite;spurious_copper;pin_hole
test,group77000_77000062,group77000,group77000/77000/77000062_test.jpg,group77000/77000/77000062_temp.jpg,group77000/77000_not/77000062.txt,short_circuit;mouse_bite;spur;pin_hole
test,group44000_44000067,group44000,group44000/44000/44000067_test.jpg,group44000/44000/44000067_temp.jpg,group44000/44000_not/44000067.txt,open_circuit;short_circuit;mouse_bite;spurious_copper;pin_hole
test,group12000_12000068,group12000,group12000/12000/12000068_test.jpg,group12000/12000/12000068_temp.jpg,group12000/12000_not/12000068.txt,open_circuit;short_circuit;spur;spurious_copper;pin_hole
test,group13000_13000080,group13000,group13000/13000/13000080_test.jpg,group13000/13000/13000080_temp.jpg,group13000/13000_not/13000080.txt,open_circuit;short_circuit;mouse_bite;spurious_copper;pin_hole
test,group92000_92000041,group92000,group92000/92000/92000041_test.jpg,group92000/92000/92000041_temp.jpg,group92000/92000_not/92000041.txt,open_circuit;short_circuit;spur;spurious_copper;pin_hole
test,group20085_20085076,group20085,group20085/20085/20085076_test.jpg,group20085/20085/20085076_temp.jpg,group20085/20085_not/20085076.txt,open_circuit;short_circuit;mouse_bite;spur
test,group92000_92000010,group92000,group92000/92000/92000010_test.jpg,group92000/92000/92000010_temp.jpg,group92000/92000_not/92000010.txt,open_circuit;short_circuit;mouse_bite;spur
test,group20085_20085267,group20085,group20085/20085/20085267_test.jpg,group20085/20085/20085267_temp.jpg,group20085/20085_not/20085267.txt,open_circuit;short_circuit;mouse_bite;spur;spurious_copper
test,group77000_77000103,group77000,group77000/77000/77000103_test.jpg,group77000/77000/77000103_temp.jpg,group77000/77000_not/77000103.txt,open_circuit;short_circuit;mouse_bite;spurious_copper;pin_hole
test,group77000_77000042,group77000,group77000/77000/77000042_test.jpg,group77000/77000/77000042_temp.jpg,group77000/77000_not/77000042.txt,open_circuit;mouse_bite;spurious_copper;pin_hole
test,group12300_12300134,group12300,group12300/12300/12300134_test.jpg,group12300/12300/12300134_temp.jpg,group12300/12300_not/12300134.txt,open_circuit;short_circuit;mouse_bite;spurious_copper;pin_hole
test,group12300_12300247,group12300,group12300/12300/12300247_test.jpg,group12300/12300/12300247_temp.jpg,group12300/12300_not/12300247.txt,open_circuit;short_circuit;spurious_copper;pin_hole
test,group12300_12300126,group12300,group12300/12300/12300126_test.jpg,group12300/12300/12300126_temp.jpg,group12300/12300_not/12300126.txt,open_circuit;short_circuit;mouse_bite;spur;pin_hole
test,group50600_50600016,group50600,group50600/50600/50600016_test.jpg,group50600/50600/50600016_temp.jpg,group50600/50600_not/50600016.txt,open_circuit;short_circuit;mouse_bite;spurious_copper;pin_hole
test,group00041_00041156,group00041,group00041/00041/00041156_test.jpg,group00041/00041/00041156_temp.jpg,group00041/00041_not/00041156.txt,open_circuit;short_circuit;mouse_bite;spur;spurious_copper;pin_hole
test,group77000_77000002,group77000,group77000/77000/77000002_test.jpg,group77000/77000/77000002_temp.jpg,group77000/77000_not/77000002.txt,open_circuit;short_circuit;mouse_bite;spurious_copper;pin_hole
test,group13000_13000074,group13000,group13000/13000/13000074_test.jpg,group13000/13000/13000074_temp.jpg,group13000/13000_not/13000074.txt,open_circuit;short_circuit;mouse_bite;spur;spurious_copper;pin_hole
test,group20085_20085286,group20085,group20085/20085/20085286_test.jpg,group20085/20085/20085286_temp.jpg,group20085/20085_not/20085286.txt,open_circuit;short_circuit;mouse_bite;spur;spurious_copper
test,group20085_20085035,group20085,group20085/20085/20085035_test.jpg,group20085/20085/20085035_temp.jpg,group20085/20085_not/20085035.txt,open_circuit;mouse_bite;spur;spurious_copper;pin_hole
test,group13000_13000162,group13000,group13000/13000/13000162_test.jpg,group13000/13000/13000162_temp.jpg,group13000/13000_not/13000162.txt,open_circuit;short_circuit;mouse_bite;spur
test,group13000_13000017,group13000,group13000/13000/13000017_test.jpg,group13000/13000/13000017_temp.jpg,group13000/13000_not/13000017.txt,open_circuit;short_circuit;mouse_bite;spur;spurious_copper;pin_hole
test,group92000_92000040,group92000,group92000/92000/92000040_test.jpg,group92000/92000/92000040_temp.jpg,group92000/92000_not/92000040.txt,open_circuit;short_circuit;spur;spurious_copper;pin_hole
test,group20085_20085165,group20085,group20085/20085/20085165_test.jpg,group20085/20085/20085165_temp.jpg,group20085/20085_not/20085165.txt,mouse_bite;spur;spurious_copper
test,group12100_12100030,group12100,group12100/12100/12100030_test.jpg,group12100/12100/12100030_temp.jpg,group12100/12100_not/12100030.txt,open_circuit;mouse_bite;spurious_copper;pin_hole
test,group20085_20085276,group20085,group20085/20085/20085276_test.jpg,group20085/20085/20085276_temp.jpg,group20085/20085_not/20085276.txt,short_circuit;mouse_bite;spur;spurious_copper;pin_hole
test,group00041_00041162,group00041,group00041/00041/00041162_test.jpg,group00041/00041/00041162_temp.jpg,group00041/00041_not/00041162.txt,open_circuit;short_circuit;mouse_bite;spur;spurious_copper;pin_hole
test,group50600_50600057,group50600,group50600/50600/50600057_test.jpg,group50600/50600/50600057_temp.jpg,group50600/50600_not/50600057.txt,open_circuit;short_circuit;mouse_bite;spurious_copper;pin_hole
test,group20085_20085218,group20085,group20085/20085/20085218_test.jpg,group20085/20085/20085218_temp.jpg,group20085/20085_not/20085218.txt,open_circuit;short_circuit;mouse_bite;spur;spurious_copper;pin_hole
test,group12300_12300222,group12300,group12300/12300/12300222_test.jpg,group12300/12300/12300222_temp.jpg,group12300/12300_not/12300222.txt,open_circuit;short_circuit;spur;spurious_copper;pin_hole
test,group12100_12100144,group12100,group12100/12100/12100144_test.jpg,group12100/12100/12100144_temp.jpg,group12100/12100_not/12100144.txt,open_circuit;short_circuit;mouse_bite;spur;spurious_copper;pin_hole
test,group44000_44000047,group44000,group44000/44000/44000047_test.jpg,group44000/44000/44000047_temp.jpg,group44000/44000_not/44000047.txt,open_circuit;mouse_bite;spur;spurious_copper;pin_hole
test,group20085_20085125,group20085,group20085/20085/20085125_test.jpg,group20085/20085/20085125_temp.jpg,group20085/20085_not/20085125.txt,open_circuit;short_circuit;mouse_bite;spur;spurious_copper
test,group77000_77000001,group77000,group77000/77000/77000001_test.jpg,group77000/77000/77000001_temp.jpg,group77000/77000_not/77000001.txt,open_circuit;short_circuit;mouse_bite;spur;spurious_copper;pin_hole
test,group44000_44000058,group44000,group44000/44000/44000058_test.jpg,group44000/44000/44000058_temp.jpg,group44000/44000_not/44000058.txt,open_circuit;short_circuit;mouse_bite;spurious_copper;pin_hole
test,group12300_12300245,group12300,group12300/12300/12300245_test.jpg,group12300/12300/12300245_temp.jpg,group12300/12300_not/12300245.txt,open_circuit;mouse_bite;spur;pin_hole
test,group00041_00041180,group00041,group00041/00041/00041180_test.jpg,group00041/00041/00041180_temp.jpg,group00041/00041_not/00041180.txt,open_circuit;short_circuit;mouse_bite;spur;spurious_copper;pin_hole
test,group00041_00041109,group00041,group00041/00041/00041109_test.jpg,group00041/00041/00041109_temp.jpg,group00041/00041_not/00041109.txt,mouse_bite;spur;spurious_copper;pin_hole
test,group44000_44000038,group44000,group44000/44000/44000038_test.jpg,group44000/44000/44000038_temp.jpg,group44000/44000_not/44000038.txt,open_circuit;short_circuit;mouse_bite;spur;spurious_copper;pin_hole
test,group20085_20085219,group20085,group20085/20085/20085219_test.jpg,group20085/20085/20085219_temp.jpg,group20085/20085_not/20085219.txt,open_circuit;short_circuit;mouse_bite;spur;spurious_copper;pin_hole
test,group00041_00041151,group00041,group00041/00041/00041151_test.jpg,group00041/00041/00041151_temp.jpg,group00041/00041_not/00041151.txt,open_circuit;short_circuit;mouse_bite;spur;pin_hole
test,group13000_13000027,group13000,group13000/13000/13000027_test.jpg,group13000/13000/13000027_temp.jpg,group13000/13000_not/13000027.txt,open_circuit;short_circuit;mouse_bite;spur;spurious_copper;pin_hole
test,group00041_00041199,group00041,group00041/00041/00041199_test.jpg,group00041/00041/00041199_temp.jpg,group00041/00041_not/00041199.txt,open_circuit;mouse_bite;spurious_copper;pin_hole
test,group92000_92000100,group92000,group92000/92000/92000100_test.jpg,group92000/92000/92000100_temp.jpg,group92000/92000_not/92000100.txt,open_circuit;short_circuit;spur;spurious_copper;pin_hole
test,group12300_12300133,group12300,group12300/12300/12300133_test.jpg,group12300/12300/12300133_temp.jpg,group12300/12300_not/12300133.txt,open_circuit;short_circuit;mouse_bite;spur
test,group20085_20085091,group20085,group20085/20085/20085091_test.jpg,group20085/20085/20085091_temp.jpg,group20085/20085_not/20085091.txt,open_circuit;short_circuit;mouse_bite;spur;pin_hole
test,group13000_13000007,group13000,group13000/13000/13000007_test.jpg,group13000/13000/13000007_temp.jpg,group13000/13000_not/13000007.txt,open_circuit;short_circuit;mouse_bite;spur;spurious_copper;pin_hole
test,group50600_50600039,group50600,group50600/50600/50600039_test.jpg,group50600/50600/50600039_temp.jpg,group50600/50600_not/50600039.txt,open_circuit;short_circuit;mouse_bite;spur;spurious_copper
test,group20085_20085130,group20085,group20085/20085/20085130_test.jpg,group20085/20085/20085130_temp.jpg,group20085/20085_not/20085130.txt,open_circuit;short_circuit;mouse_bite;spur;spurious_copper;pin_hole
test,group12100_12100005,group12100,group12100/12100/12100005_test.jpg,group12100/12100/12100005_temp.jpg,group12100/12100_not/12100005.txt,open_circuit;mouse_bite;spur;spurious_copper;pin_hole
test,group20085_20085143,group20085,group20085/20085/20085143_test.jpg,group20085/20085/20085143_temp.jpg,group20085/20085_not/20085143.txt,open_circuit;short_circuit;mouse_bite;spur;spurious_copper;pin_hole
test,group13000_13000155,group13000,group13000/13000/13000155_test.jpg,group13000/13000/13000155_temp.jpg,group13000/13000_not/13000155.txt,open_circuit;spur;spurious_copper;pin_hole
test,group13000_13000048,group13000,group13000/13000/13000048_test.jpg,group13000/13000/13000048_temp.jpg,group13000/13000_not/13000048.txt,open_circuit;short_circuit;mouse_bite;spur;spurious_copper;pin_hole
test,group00041_00041173,group00041,group00041/00041/00041173_test.jpg,group00041/00041/00041173_temp.jpg,group00041/00041_not/00041173.txt,open_circuit;short_circuit;spur;spurious_copper;pin_hole
test,group20085_20085120,group20085,group20085/20085/20085120_test.jpg,group20085/20085/20085120_temp.jpg,group20085/20085_not/20085120.txt,open_circuit;short_circuit;mouse_bite;spur;spurious_copper;pin_hole
test,group44000_44000085,group44000,group44000/44000/44000085_test.jpg,group44000/44000/44000085_temp.jpg,group44000/44000_not/44000085.txt,open_circuit;short_circuit;mouse_bite;spur;spurious_copper;pin_hole
test,group13000_13000212,group13000,group13000/13000/13000212_test.jpg,group13000/13000/13000212_temp.jpg,group13000/13000_not/13000212.txt,mouse_bite;spur;spurious_copper;pin_hole
test,group20085_20085310,group20085,group20085/20085/20085310_test.jpg,group20085/20085/20085310_temp.jpg,group20085/20085_not/20085310.txt,open_circuit;short_circuit;mouse_bite;spur;spurious_copper
test,group13000_13000142,group13000,group13000/13000/13000142_test.jpg,group13000/13000/13000142_temp.jpg,group13000/13000_not/13000142.txt,mouse_bite;spur;spurious_copper;pin_hole
test,group20085_20085109,group20085,group20085/20085/20085109_test.jpg,group20085/20085/20085109_temp.jpg,group20085/20085_not/20085109.txt,open_circuit;short_circuit;spur
test,group12100_12100058,group12100,group12100/12100/12100058_test.jpg,group12100/12100/12100058_temp.jpg,group12100/12100_not/12100058.txt,open_circuit;mouse_bite;spur;pin_hole
test,group20085_20085158,group20085,group20085/20085/20085158_test.jpg,group20085/20085/20085158_temp.jpg,group20085/20085_not/20085158.txt,mouse_bite;spurious_copper
test,group13000_13000082,group13000,group13000/13000/13000082_test.jpg,group13000/13000/13000082_temp.jpg,group13000/13000_not/13000082.txt,open_circuit;short_circuit;spur;spurious_copper;pin_hole
test,group13000_13000151,group13000,group13000/13000/13000151_test.jpg,group13000/13000/13000151_temp.jpg,group13000/13000_not/13000151.txt,short_circuit;mouse_bite;spur;spurious_copper;pin_hole
test,group77000_77000017,group77000,group77000/77000/77000017_test.jpg,group77000/77000/77000017_temp.jpg,group77000/77000_not/77000017.txt,open_circuit;mouse_bite;spur;pin_hole
test,group12100_12100025,group12100,group12100/12100/12100025_test.jpg,group12100/12100/12100025_temp.jpg,group12100/12100_not/12100025.txt,open_circuit;mouse_bite;spurious_copper;pin_hole
test,group20085_20085141,group20085,group20085/20085/20085141_test.jpg,group20085/20085/20085141_temp.jpg,group20085/20085_not/20085141.txt,open_circuit;short_circuit;mouse_bite;spur;spurious_copper
test,group13000_13000136,group13000,group13000/13000/13000136_test.jpg,group13000/13000/13000136_temp.jpg,group13000/13000_not/13000136.txt,open_circuit;mouse_bite;spurious_copper
test,group44000_44000042,group44000,group44000/44000/44000042_test.jpg,group44000/44000/44000042_temp.jpg,group44000/44000_not/44000042.txt,open_circuit;short_circuit;mouse_bite;spur;spurious_copper;pin_hole
test,group20085_20085050,group20085,group20085/20085/20085050_test.jpg,group20085/20085/20085050_temp.jpg,group20085/20085_not/20085050.txt,open_circuit;short_circuit;mouse_bite;spur;spurious_copper;pin_hole
test,group44000_44000041,group44000,group44000/44000/44000041_test.jpg,group44000/44000/44000041_temp.jpg,group44000/44000_not/44000041.txt,open_circuit;mouse_bite;spur;spurious_copper;pin_hole
test,group13000_13000042,group13000,group13000/13000/13000042_test.jpg,group13000/13000/13000042_temp.jpg,group13000/13000_not/13000042.txt,short_circuit;mouse_bite;spurious_copper;pin_hole
test,group44000_44000039,group44000,group44000/44000/44000039_test.jpg,group44000/44000/44000039_temp.jpg,group44000/44000_not/44000039.txt,open_circuit;short_circuit;mouse_bite;spur;spurious_copper;pin_hole
test,group20085_20085012,group20085,group20085/20085/20085012_test.jpg,group20085/20085/20085012_temp.jpg,group20085/20085_not/20085012.txt,open_circuit;short_circuit;mouse_bite;spur;spurious_copper;pin_hole
test,group00041_00041078,group00041,group00041/00041/00041078_test.jpg,group00041/00041/00041078_temp.jpg,group00041/00041_not/00041078.txt,open_circuit;short_circuit;spur;spurious_copper;pin_hole
test,group50600_50600054,group50600,group50600/50600/50600054_test.jpg,group50600/50600/50600054_temp.jpg,group50600/50600_not/50600054.txt,open_circuit;short_circuit;mouse_bite;spur;spurious_copper;pin_hole
test,group20085_20085123,group20085,group20085/20085/20085123_test.jpg,group20085/20085/20085123_temp.jpg,group20085/20085_not/20085123.txt,open_circuit;short_circuit;mouse_bite;spurious_copper;pin_hole
test,group20085_20085024,group20085,group20085/20085/20085024_test.jpg,group20085/20085/20085024_temp.jpg,group20085/20085_not/20085024.txt,open_circuit;short_circuit;spur;spurious_copper;pin_hole
test,group92000_92000072,group92000,group92000/92000/92000072_test.jpg,group92000/92000/92000072_temp.jpg,group92000/92000_not/92000072.txt,open_circuit;mouse_bite;spurious_copper;pin_hole
test,group12300_12300074,group12300,group12300/12300/12300074_test.jpg,group12300/12300/12300074_temp.jpg,group12300/12300_not/12300074.txt,open_circuit;short_circuit;spur;spurious_copper;pin_hole
test,group92000_92000054,group92000,group92000/92000/92000054_test.jpg,group92000/92000/92000054_temp.jpg,group92000/92000_not/92000054.txt,short_circuit;mouse_bite;spur;pin_hole
test,group12300_12300117,group12300,group12300/12300/12300117_test.jpg,group12300/12300/12300117_temp.jpg,group12300/12300_not/12300117.txt,open_circuit;mouse_bite;spur;spurious_copper;pin_hole
test,group20085_20085268,group20085,group20085/20085/20085268_test.jpg,group20085/20085/20085268_temp.jpg,group20085/20085_not/20085268.txt,open_circuit;short_circuit;mouse_bite;spur;spurious_copper
test,group12000_12000001,group12000,group12000/12000/12000001_test.jpg,group12000/12000/12000001_temp.jpg,group12000/12000_not/12000001.txt,open_circuit;short_circuit;mouse_bite;spur;spurious_copper;pin_hole
test,group13000_13000029,group13000,group13000/13000/13000029_test.jpg,group13000/13000/13000029_temp.jpg,group13000/13000_not/13000029.txt,open_circuit;short_circuit;mouse_bite;spur;spurious_copper;pin_hole
test,group12100_12100187,group12100,group12100/12100/12100187_test.jpg,group12100/12100/12100187_temp.jpg,group12100/12100_not/12100187.txt,open_circuit;short_circuit;spurious_copper;pin_hole
test,group12100_12100152,group12100,group12100/12100/12100152_test.jpg,group12100/12100/12100152_temp.jpg,group12100/12100_not/12100152.txt,open_circuit;short_circuit;mouse_bite;spurious_copper;pin_hole
test,group77000_77000024,group77000,group77000/77000/77000024_test.jpg,group77000/77000/77000024_temp.jpg,group77000/77000_not/77000024.txt,open_circuit;short_circuit;mouse_bite;spur;spurious_copper;pin_hole
test,group77000_77000035,group77000,group77000/77000/77000035_test.jpg,group77000/77000/77000035_temp.jpg,group77000/77000_not/77000035.txt,open_circuit;mouse_bite;pin_hole
test,group20085_20085037,group20085,group20085/20085/20085037_test.jpg,group20085/20085/20085037_temp.jpg,group20085/20085_not/20085037.txt,open_circuit;short_circuit;mouse_bite;spur;pin_hole
test,group13000_13000152,group13000,group13000/13000/13000152_test.jpg,group13000/13000/13000152_temp.jpg,group13000/13000_not/13000152.txt,mouse_bite;spur;spurious_copper;pin_hole
test,group20085_20085185,group20085,group20085/20085/20085185_test.jpg,group20085/20085/20085185_temp.jpg,group20085/20085_not/20085185.txt,open_circuit;short_circuit;mouse_bite;spur;spurious_copper;pin_hole
test,group12100_12100125,group12100,group12100/12100/12100125_test.jpg,group12100/12100/12100125_temp.jpg,group12100/12100_not/12100125.txt,open_circuit;short_circuit;mouse_bite;spur;pin_hole
test,group90100_90100016,group90100,group90100/90100/90100016_test.jpg,group90100/90100/90100016_temp.jpg,group90100/90100_not/90100016.txt,open_circuit;short_circuit;mouse_bite;spur;spurious_copper;pin_hole
test,group90100_90100025,group90100,group90100/90100/90100025_test.jpg,group90100/90100/90100025_temp.jpg,group90100/90100_not/90100025.txt,open_circuit;mouse_bite;spurious_copper;pin_hole
test,group12100_12100032,group12100,group12100/12100/12100032_test.jpg,group12100/12100/12100032_temp.jpg,group12100/12100_not/12100032.txt,open_circuit;short_circuit;mouse_bite;spur;spurious_copper;pin_hole
test,group00041_00041090,group00041,group00041/00041/00041090_test.jpg,group00041/00041/00041090_temp.jpg,group00041/00041_not/00041090.txt,open_circuit;short_circuit;mouse_bite;spur;spurious_copper;pin_hole
test,group92000_92000077,group92000,group92000/92000/92000077_test.jpg,group92000/92000/92000077_temp.jpg,group92000/92000_not/92000077.txt,open_circuit;short_circuit;mouse_bite;spur;spurious_copper;pin_hole
test,group44000_44000026,group44000,group44000/44000/44000026_test.jpg,group44000/44000/44000026_temp.jpg,group44000/44000_not/44000026.txt,open_circuit;short_circuit;mouse_bite;spurious_copper;pin_hole
test,group20085_20085007,group20085,group20085/20085/20085007_test.jpg,group20085/20085/20085007_temp.jpg,group20085/20085_not/20085007.txt,mouse_bite;spur;spurious_copper;pin_hole
test,group13000_13000078,group13000,group13000/13000/13000078_test.jpg,group13000/13000/13000078_temp.jpg,group13000/13000_not/13000078.txt,mouse_bite;spur;spurious_copper;pin_hole
test,group92000_92000081,group92000,group92000/92000/92000081_test.jpg,group92000/92000/92000081_temp.jpg,group92000/92000_not/92000081.txt,open_circuit;short_circuit;mouse_bite;spur;spurious_copper;pin_hole
test,group12100_12100040,group12100,group12100/12100/12100040_test.jpg,group12100/12100/12100040_temp.jpg,group12100/12100_not/12100040.txt,open_circuit;short_circuit;spurious_copper;pin_hole
test,group50600_50600015,group50600,group50600/50600/50600015_test.jpg,group50600/50600/50600015_temp.jpg,group50600/50600_not/50600015.txt,open_circuit;short_circuit;mouse_bite;spur;spurious_copper;pin_hole
test,group13000_13000140,group13000,group13000/13000/13000140_test.jpg,group13000/13000/13000140_temp.jpg,group13000/13000_not/13000140.txt,open_circuit;short_circuit;mouse_bite;spur;spurious_copper;pin_hole
test,group90100_90100044,group90100,group90100/90100/90100044_test.jpg,group90100/90100/90100044_temp.jpg,group90100/90100_not/90100044.txt,open_circuit;short_circuit;spur;spurious_copper;pin_hole
test,group13000_13000021,group13000,group13000/13000/13000021_test.jpg,group13000/13000/13000021_temp.jpg,group13000/13000_not/13000021.txt,open_circuit;short_circuit;mouse_bite;spur;pin_hole
test,group12100_12100036,group12100,group12100/12100/12100036_test.jpg,group12100/12100/12100036_temp.jpg,group12100/12100_not/12100036.txt,open_circuit;short_circuit;spur;spurious_copper;pin_hole
test,group12300_12300146,group12300,group12300/12300/12300146_test.jpg,group12300/12300/12300146_temp.jpg,group12300/12300_not/12300146.txt,open_circuit;short_circuit;mouse_bite;spur;pin_hole
test,group00041_00041204,group00041,group00041/00041/00041204_test.jpg,group00041/00041/00041204_temp.jpg,group00041/00041_not/00041204.txt,open_circuit;short_circuit;mouse_bite;spur;spurious_copper;pin_hole
test,group50600_50600033,group50600,group50600/50600/50600033_test.jpg,group50600/50600/50600033_temp.jpg,group50600/50600_not/50600033.txt,open_circuit;short_circuit;mouse_bite;pin_hole
test,group00041_00041148,group00041,group00041/00041/00041148_test.jpg,group00041/00041/00041148_temp.jpg,group00041/00041_not/00041148.txt,open_circuit;short_circuit;mouse_bite;spur;spurious_copper;pin_hole
test,group13000_13000135,group13000,group13000/13000/13000135_test.jpg,group13000/13000/13000135_temp.jpg,group13000/13000_not/13000135.txt,open_circuit;mouse_bite;spurious_copper;pin_hole
test,group13000_13000009,group13000,group13000/13000/13000009_test.jpg,group13000/13000/13000009_temp.jpg,group13000/13000_not/13000009.txt,open_circuit;short_circuit;mouse_bite;spur;spurious_copper;pin_hole
test,group13000_13000168,group13000,group13000/13000/13000168_test.jpg,group13000/13000/13000168_temp.jpg,group13000/13000_not/13000168.txt,mouse_bite;spur;pin_hole
test,group50600_50600037,group50600,group50600/50600/50600037_test.jpg,group50600/50600/50600037_temp.jpg,group50600/50600_not/50600037.txt,open_circuit;short_circuit;mouse_bite;spur;spurious_copper;pin_hole
test,group13000_13000025,group13000,group13000/13000/13000025_test.jpg,group13000/13000/13000025_temp.jpg,group13000/13000_not/13000025.txt,open_circuit;short_circuit;mouse_bite;spur;spurious_copper;pin_hole
test,group20085_20085131,group20085,group20085/20085/20085131_test.jpg,group20085/20085/20085131_temp.jpg,group20085/20085_not/20085131.txt,open_circuit;short_circuit;mouse_bite;spur;spurious_copper
test,group00041_00041140,group00041,group00041/00041/00041140_test.jpg,group00041/00041/00041140_temp.jpg,group00041/00041_not/00041140.txt,open_circuit;short_circuit;mouse_bite;spur;spurious_copper;pin_hole
test,group44000_44000031,group44000,group44000/44000/44000031_test.jpg,group44000/44000/44000031_temp.jpg,group44000/44000_not/44000031.txt,open_circuit;short_circuit;mouse_bite;spur;pin_hole
test,group44000_44000080,group44000,group44000/44000/44000080_test.jpg,group44000/44000/44000080_temp.jpg,group44000/44000_not/44000080.txt,open_circuit;short_circuit;mouse_bite;spur;spurious_copper;pin_hole
test,group00041_00041102,group00041,group00041/00041/00041102_test.jpg,group00041/00041/00041102_temp.jpg,group00041/00041_not/00041102.txt,open_circuit;short_circuit;mouse_bite;spur;spurious_copper;pin_hole
test,group77000_77000049,group77000,group77000/77000/77000049_test.jpg,group77000/77000/77000049_temp.jpg,group77000/77000_not/77000049.txt,open_circuit;spurious_copper;pin_hole
test,group00041_00041119,group00041,group00041/00041/00041119_test.jpg,group00041/00041/00041119_temp.jpg,group00041/00041_not/00041119.txt,open_circuit;short_circuit;mouse_bite;spur
test,group13000_13000128,group13000,group13000/13000/13000128_test.jpg,group13000/13000/13000128_temp.jpg,group13000/13000_not/13000128.txt,short_circuit;mouse_bite;spur;spurious_copper
test,group12100_12100137,group12100,group12100/12100/12100137_test.jpg,group12100/12100/12100137_temp.jpg,group12100/12100_not/12100137.txt,open_circuit;mouse_bite;spur;spurious_copper;pin_hole
test,group92000_92000034,group92000,group92000/92000/92000034_test.jpg,group92000/92000/92000034_temp.jpg,group92000/92000_not/92000034.txt,open_circuit;spur;spurious_copper;pin_hole
test,group13000_13000064,group13000,group13000/13000/13000064_test.jpg,group13000/13000/13000064_temp.jpg,group13000/13000_not/13000064.txt,open_circuit;short_circuit;mouse_bite;spur;spurious_copper;pin_hole
test,group20085_20085081,group20085,group20085/20085/20085081_test.jpg,group20085/20085/20085081_temp.jpg,group20085/20085_not/20085081.txt,open_circuit;short_circuit;spur;spurious_copper;pin_hole
test,group92000_92000017,group92000,group92000/92000/92000017_test.jpg,group92000/92000/92000017_temp.jpg,group92000/92000_not/92000017.txt,open_circuit;mouse_bite;spur;spurious_copper;pin_hole
test,group20085_20085137,group20085,group20085/20085/20085137_test.jpg,group20085/20085/20085137_temp.jpg,group20085/20085_not/20085137.txt,open_circuit;short_circuit;mouse_bite;spurious_copper;pin_hole
test,group12100_12100160,group12100,group12100/12100/12100160_test.jpg,group12100/12100/12100160_temp.jpg,group12100/12100_not/12100160.txt,open_circuit;short_circuit;mouse_bite;spur;pin_hole
test,group00041_00041103,group00041,group00041/00041/00041103_test.jpg,group00041/00041/00041103_temp.jpg,group00041/00041_not/00041103.txt,open_circuit;short_circuit;mouse_bite;spur;spurious_copper;pin_hole
test,group50600_50600007,group50600,group50600/50600/50600007_test.jpg,group50600/50600/50600007_temp.jpg,group50600/50600_not/50600007.txt,open_circuit;short_circuit;mouse_bite;spur;pin_hole
test,group13000_13000032,group13000,group13000/13000/13000032_test.jpg,group13000/13000/13000032_temp.jpg,group13000/13000_not/13000032.txt,open_circuit;mouse_bite;spur;spurious_copper;pin_hole
test,group77000_77000070,group77000,group77000/77000/77000070_test.jpg,group77000/77000/77000070_temp.jpg,group77000/77000_not/77000070.txt,short_circuit;spur;spurious_copper;pin_hole
test,group12100_12100052,group12100,group12100/12100/12100052_test.jpg,group12100/12100/12100052_temp.jpg,group12100/12100_not/12100052.txt,open_circuit;mouse_bite;spur
test,group92000_92000068,group92000,group92000/92000/92000068_test.jpg,group92000/92000/92000068_temp.jpg,group92000/92000_not/92000068.txt,open_circuit;spur;spurious_copper;pin_hole
test,group12300_12300071,group12300,group12300/12300/12300071_test.jpg,group12300/12300/12300071_temp.jpg,group12300/12300_not/12300071.txt,open_circuit;mouse_bite;spur;spurious_copper;pin_hole
test,group13000_13000215,group13000,group13000/13000/13000215_test.jpg,group13000/13000/13000215_temp.jpg,group13000/13000_not/13000215.txt,open_circuit;mouse_bite;spur;spurious_copper;pin_hole
test,group00041_00041201,group00041,group00041/00041/00041201_test.jpg,group00041/00041/00041201_temp.jpg,group00041/00041_not/00041201.txt,open_circuit;mouse_bite;spurious_copper;pin_hole
test,group20085_20085261,group20085,group20085/20085/20085261_test.jpg,group20085/20085/20085261_temp.jpg,group20085/20085_not/20085261.txt,open_circuit;short_circuit;mouse_bite;spur;spurious_copper
test,group20085_20085187,group20085,group20085/20085/20085187_test.jpg,group20085/20085/20085187_temp.jpg,group20085/20085_not/20085187.txt,open_circuit;short_circuit;mouse_bite;spur;spurious_copper;pin_hole
test,group20085_20085138,group20085,group20085/20085/20085138_test.jpg,group20085/20085/20085138_temp.jpg,group20085/20085_not/20085138.txt,open_circuit;short_circuit;mouse_bite;spur;spurious_copper
test,group50600_50600060,group50600,group50600/50600/50600060_test.jpg,group50600/50600/50600060_temp.jpg,group50600/50600_not/50600060.txt,open_circuit;short_circuit;mouse_bite;spurious_copper;pin_hole
test,group12100_12100035,group12100,group12100/12100/12100035_test.jpg,group12100/12100/12100035_temp.jpg,group12100/12100_not/12100035.txt,open_circuit;short_circuit;mouse_bite;spur;spurious_copper;pin_hole
test,group13000_13000091,group13000,group13000/13000/13000091_test.jpg,group13000/13000/13000091_temp.jpg,group13000/13000_not/13000091.txt,open_circuit;mouse_bite;spur;spurious_copper;pin_hole
test,group77000_77000079,group77000,group77000/77000/77000079_test.jpg,group77000/77000/77000079_temp.jpg,group77000/77000_not/77000079.txt,open_circuit;short_circuit;spur;spurious_copper;pin_hole
test,group00041_00041138,group00041,group00041/00041/00041138_test.jpg,group00041/00041/00041138_temp.jpg,group00041/00041_not/00041138.txt,open_circuit;short_circuit;mouse_bite;spur;spurious_copper;pin_hole
test,group00041_00041145,group00041,group00041/00041/00041145_test.jpg,group00041/00041/00041145_temp.jpg,group00041/00041_not/00041145.txt,open_circuit;mouse_bite;spur;spurious_copper;pin_hole
test,group00041_00041014,group00041,group00041/00041/00041014_test.jpg,group00041/00041/00041014_temp.jpg,group00041/00041_not/00041014.txt,open_circuit;short_circuit;mouse_bite;spur;spurious_copper;pin_hole
test,group50600_50600014,group50600,group50600/50600/50600014_test.jpg,group50600/50600/50600014_temp.jpg,group50600/50600_not/50600014.txt,short_circuit;mouse_bite;spur;pin_hole
test,group00041_00041131,group00041,group00041/00041/00041131_test.jpg,group00041/00041/00041131_temp.jpg,group00041/00041_not/00041131.txt,open_circuit;short_circuit;mouse_bite;spur;spurious_copper;pin_hole
test,group20085_20085229,group20085,group20085/20085/20085229_test.jpg,group20085/20085/20085229_temp.jpg,group20085/20085_not/20085229.txt,open_circuit;short_circuit;mouse_bite;spur;spurious_copper;pin_hole
test,group20085_20085069,group20085,group20085/20085/20085069_test.jpg,group20085/20085/20085069_temp.jpg,group20085/20085_not/20085069.txt,open_circuit;short_circuit;mouse_bite;spur;spurious_copper;pin_hole
test,group12300_12300120,group12300,group12300/12300/12300120_test.jpg,group12300/12300/12300120_temp.jpg,group12300/12300_not/12300120.txt,open_circuit;mouse_bite;spur;spurious_copper;pin_hole
test,group20085_20085171,group20085,group20085/20085/20085171_test.jpg,group20085/20085/20085171_temp.jpg,group20085/20085_not/20085171.txt,open_circuit;short_circuit;spur;spurious_copper;pin_hole
test,group92000_92000004,group92000,group92000/92000/92000004_test.jpg,group92000/92000/92000004_temp.jpg,group92000/92000_not/92000004.txt,open_circuit;short_circuit;spur;spurious_copper;pin_hole
test,group50600_50600005,group50600,group50600/50600/50600005_test.jpg,group50600/50600/50600005_temp.jpg,group50600/50600_not/50600005.txt,open_circuit;short_circuit;mouse_bite;spurious_copper;pin_hole
test,group12100_12100022,group12100,group12100/12100/12100022_test.jpg,group12100/12100/12100022_temp.jpg,group12100/12100_not/12100022.txt,open_circuit;mouse_bite;spurious_copper;pin_hole
test,group00041_00041141,group00041,group00041/00041/00041141_test.jpg,group00041/00041/00041141_temp.jpg,group00041/00041_not/00041141.txt,open_circuit;short_circuit;mouse_bite;spurious_copper;pin_hole
test,group13000_13000014,group13000,group13000/13000/13000014_test.jpg,group13000/13000/13000014_temp.jpg,group13000/13000_not/13000014.txt,open_circuit;mouse_bite;spur;spurious_copper;pin_hole
test,group00041_00041118,group00041,group00041/00041/00041118_test.jpg,group00041/00041/00041118_temp.jpg,group00041/00041_not/00041118.txt,open_circuit;short_circuit;mouse_bite;spur;spurious_copper
test,group00041_00041039,group00041,group00041/00041/00041039_test.jpg,group00041/00041/00041039_temp.jpg,group00041/00041_not/00041039.txt,open_circuit;short_circuit;mouse_bite;spur;spurious_copper;pin_hole
test,group77000_77000027,group77000,group77000/77000/77000027_test.jpg,group77000/77000/77000027_temp.jpg,group77000/77000_not/77000027.txt,open_circuit;short_circuit;mouse_bite;spur;spurious_copper;pin_hole
test,group12100_12100150,group12100,group12100/12100/12100150_test.jpg,group12100/12100/12100150_temp.jpg,group12100/12100_not/12100150.txt,open_circuit;short_circuit;mouse_bite;spur;spurious_copper;pin_hole
test,group92000_92000097,group92000,group92000/92000/92000097_test.jpg,group92000/92000/92000097_temp.jpg,group92000/92000_not/92000097.txt,open_circuit;short_circuit;mouse_bite;spur;pin_hole
test,group90100_90100037,group90100,group90100/90100/90100037_test.jpg,group90100/90100/90100037_temp.jpg,group90100/90100_not/90100037.txt,open_circuit;mouse_bite;spur;spurious_copper;pin_hole
test,group77000_77000081,group77000,group77000/77000/77000081_test.jpg,group77000/77000/77000081_temp.jpg,group77000/77000_not/77000081.txt,open_circuit;short_circuit;mouse_bite;spur;spurious_copper;pin_hole
test,group44000_44000016,group44000,group44000/44000/44000016_test.jpg,group44000/44000/44000016_temp.jpg,group44000/44000_not/44000016.txt,open_circuit;short_circuit;mouse_bite;spur;pin_hole
test,group12100_12100143,group12100,group12100/12100/12100143_test.jpg,group12100/12100/12100143_temp.jpg,group12100/12100_not/12100143.txt,open_circuit;short_circuit;mouse_bite;spur;spurious_copper;pin_hole
test,group13000_13000122,group13000,group13000/13000/13000122_test.jpg,group13000/13000/13000122_temp.jpg,group13000/13000_not/13000122.txt,open_circuit;mouse_bite;spur;spurious_copper;pin_hole
test,group92000_92000039,group92000,group92000/92000/92000039_test.jpg,group92000/92000/92000039_temp.jpg,group92000/92000_not/92000039.txt,open_circuit;spur;spurious_copper;pin_hole
test,group00041_00041023,group00041,group00041/00041/00041023_test.jpg,group00041/00041/00041023_temp.jpg,group00041/00041_not/00041023.txt,open_circuit;short_circuit;mouse_bite;spur;spurious_copper;pin_hole
test,group44000_44000076,group44000,group44000/44000/44000076_test.jpg,group44000/44000/44000076_temp.jpg,group44000/44000_not/44000076.txt,open_circuit;short_circuit;mouse_bite;spur;pin_hole
test,group20085_20085093,group20085,group20085/20085/20085093_test.jpg,group20085/20085/20085093_temp.jpg,group20085/20085_not/20085093.txt,open_circuit;mouse_bite;spur;spurious_copper;pin_hole
test,group92000_92000107,group92000,group92000/92000/92000107_test.jpg,group92000/92000/92000107_temp.jpg,group92000/92000_not/92000107.txt,open_circuit;short_circuit;spurious_copper;pin_hole
test,group77000_77000086,group77000,group77000/77000/77000086_test.jpg,group77000/77000/77000086_temp.jpg,group77000/77000_not/77000086.txt,mouse_bite;spurious_copper;pin_hole
test,group12000_12000052,group12000,group12000/12000/12000052_test.jpg,group12000/12000/12000052_temp.jpg,group12000/12000_not/12000052.txt,open_circuit;short_circuit;mouse_bite;spur;spurious_copper;pin_hole
test,group44000_44000034,group44000,group44000/44000/44000034_test.jpg,group44000/44000/44000034_temp.jpg,group44000/44000_not/44000034.txt,open_circuit;short_circuit;mouse_bite;spur;spurious_copper;pin_hole
test,group12100_12100048,group12100,group12100/12100/12100048_test.jpg,group12100/12100/12100048_temp.jpg,group12100/12100_not/12100048.txt,open_circuit;short_circuit;mouse_bite;spur
test,group20085_20085182,group20085,group20085/20085/20085182_test.jpg,group20085/20085/20085182_temp.jpg,group20085/20085_not/20085182.txt,short_circuit;mouse_bite;spurious_copper
test,group13000_13000059,group13000,group13000/13000/13000059_test.jpg,group13000/13000/13000059_temp.jpg,group13000/13000_not/13000059.txt,open_circuit;short_circuit;mouse_bite;spur;spurious_copper;pin_hole
test,group13000_13000026,group13000,group13000/13000/13000026_test.jpg,group13000/13000/13000026_temp.jpg,group13000/13000_not/13000026.txt,open_circuit;short_circuit;mouse_bite;spur;spurious_copper;pin_hole
test,group20085_20085244,group20085,group20085/20085/20085244_test.jpg,group20085/20085/20085244_temp.jpg,group20085/20085_not/20085244.txt,open_circuit;short_circuit;mouse_bite;spur;spurious_copper;pin_hole
test,group44000_44000013,group44000,group44000/44000/44000013_test.jpg,group44000/44000/44000013_temp.jpg,group44000/44000_not/44000013.txt,open_circuit;short_circuit;mouse_bite;spur;spurious_copper;pin_hole
test,group13000_13000165,group13000,group13000/13000/13000165_test.jpg,group13000/13000/13000165_temp.jpg,group13000/13000_not/13000165.txt,mouse_bite;spur;spurious_copper;pin_hole
test,group00041_00041135,group00041,group00041/00041/00041135_test.jpg,group00041/00041/00041135_temp.jpg,group00041/00041_not/00041135.txt,open_circuit;short_circuit;mouse_bite;spurious_copper;pin_hole
test,group92000_92000106,group92000,group92000/92000/92000106_test.jpg,group92000/92000/92000106_temp.jpg,group92000/92000_not/92000106.txt,open_circuit;short_circuit;spur;pin_hole
test,group00041_00041114,group00041,group00041/00041/00041114_test.jpg,group00041/00041/00041114_temp.jpg,group00041/00041_not/00041114.txt,open_circuit;short_circuit;mouse_bite;spur;spurious_copper;pin_hole
test,group92000_92000022,group92000,group92000/92000/92000022_test.jpg,group92000/92000/92000022_temp.jpg,group92000/92000_not/92000022.txt,open_circuit;spur;spurious_copper;pin_hole
test,group90100_90100004,group90100,group90100/90100/90100004_test.jpg,group90100/90100/90100004_temp.jpg,group90100/90100_not/90100004.txt,open_circuit;short_circuit;mouse_bite;spur;spurious_copper;pin_hole
test,group20085_20085251,group20085,group20085/20085/20085251_test.jpg,group20085/20085/20085251_temp.jpg,group20085/20085_not/20085251.txt,open_circuit;short_circuit;mouse_bite;spurious_copper;pin_hole
test,group44000_44000086,group44000,group44000/44000/44000086_test.jpg,group44000/44000/44000086_temp.jpg,group44000/44000_not/44000086.txt,open_circuit;short_circuit;mouse_bite;spur;spurious_copper;pin_hole
test,group90100_90100024,group90100,group90100/90100/90100024_test.jpg,group90100/90100/90100024_temp.jpg,group90100/90100_not/90100024.txt,open_circuit;short_circuit;mouse_bite;spur;spurious_copper;pin_hole
test,group90100_90100076,group90100,group90100/90100/90100076_test.jpg,group90100/90100/90100076_temp.jpg,group90100/90100_not/90100076.txt,open_circuit;short_circuit;spurious_copper;pin_hole
test,group20085_20085032,group20085,group20085/20085/20085032_test.jpg,group20085/20085/20085032_temp.jpg,group20085/20085_not/20085032.txt,open_circuit;mouse_bite;spur;spurious_copper;pin_hole
test,group20085_20085052,group20085,group20085/20085/20085052_test.jpg,group20085/20085/20085052_temp.jpg,group20085/20085_not/20085052.txt,open_circuit;spur
test,group92000_92000082,group92000,group92000/92000/92000082_test.jpg,group92000/92000/92000082_temp.jpg,group92000/92000_not/92000082.txt,open_circuit;short_circuit;mouse_bite
test,group92000_92000076,group92000,group92000/92000/92000076_test.jpg,group92000/92000/92000076_temp.jpg,group92000/92000_not/92000076.txt,open_circuit;short_circuit;mouse_bite;spurious_copper;pin_hole
test,group00041_00041163,group00041,group00041/00041/00041163_test.jpg,group00041/00041/00041163_temp.jpg,group00041/00041_not/00041163.txt,open_circuit;short_circuit;mouse_bite;spurious_copper;pin_hole
test,group90100_90100056,group90100,group90100/90100/90100056_test.jpg,group90100/90100/90100056_temp.jpg,group90100/90100_not/90100056.txt,open_circuit;mouse_bite;spur;spurious_copper;pin_hole
test,group12300_12300072,group12300,group12300/12300/12300072_test.jpg,group12300/12300/12300072_temp.jpg,group12300/12300_not/12300072.txt,open_circuit;mouse_bite;spur;spurious_copper;pin_hole
test,group77000_77000067,group77000,group77000/77000/77000067_test.jpg,group77000/77000/77000067_temp.jpg,group77000/77000_not/77000067.txt,mouse_bite;spur;pin_hole
test,group50600_50600010,group50600,group50600/50600/50600010_test.jpg,group50600/50600/50600010_temp.jpg,group50600/50600_not/50600010.txt,open_circuit;short_circuit;mouse_bite;spurious_copper;pin_hole
test,group12100_12100020,group12100,group12100/12100/12100020_test.jpg,group12100/12100/12100020_temp.jpg,group12100/12100_not/12100020.txt,open_circuit;short_circuit;mouse_bite;spurious_copper;pin_hole
test,group00041_00041088,group00041,group00041/00041/00041088_test.jpg,group00041/00041/00041088_temp.jpg,group00041/00041_not/00041088.txt,open_circuit;short_circuit;mouse_bite;spur;spurious_copper;pin_hole
test,group77000_77000037,group77000,group77000/77000/77000037_test.jpg,group77000/77000/77000037_temp.jpg,group77000/77000_not/77000037.txt,open_circuit;short_circuit;spur
test,group20085_20085040,group20085,group20085/20085/20085040_test.jpg,group20085/20085/20085040_temp.jpg,group20085/20085_not/20085040.txt,open_circuit;short_circuit;mouse_bite;spur;pin_hole
test,group92000_92000112,group92000,group92000/92000/92000112_test.jpg,group92000/92000/92000112_temp.jpg,group92000/92000_not/92000112.txt,open_circuit;short_circuit;mouse_bite;spur;spurious_copper;pin_hole
test,group12300_12300150,group12300,group12300/12300/12300150_test.jpg,group12300/12300/12300150_temp.jpg,group12300/12300_not/12300150.txt,open_circuit;mouse_bite;spur;pin_hole
test,group20085_20085001,group20085,group20085/20085/20085001_test.jpg,group20085/20085/20085001_temp.jpg,group20085/20085_not/20085001.txt,mouse_bite;spur;spurious_copper;pin_hole
test,group12100_12100146,group12100,group12100/12100/12100146_test.jpg,group12100/12100/12100146_temp.jpg,group12100/12100_not/12100146.txt,open_circuit;short_circuit;mouse_bite;spur;spurious_copper;pin_hole
test,group77000_77000007,group77000,group77000/77000/77000007_test.jpg,group77000/77000/77000007_temp.jpg,group77000/77000_not/77000007.txt,open_circuit;mouse_bite;spur;spurious_copper;pin_hole
test,group92000_92000110,group92000,group92000/92000/92000110_test.jpg,group92000/92000/92000110_temp.jpg,group92000/92000_not/92000110.txt,open_circuit;short_circuit;mouse_bite;spurious_copper;pin_hole
test,group92000_92000086,group92000,group92000/92000/92000086_test.jpg,group92000/92000/92000086_temp.jpg,group92000/92000_not/92000086.txt,open_circuit;short_circuit;spur;spurious_copper;pin_hole
test,group00041_00041054,group00041,group00041/00041/00041054_test.jpg,group00041/00041/00041054_temp.jpg,group00041/00041_not/00041054.txt,short_circuit;mouse_bite;spur;pin_hole
test,group12300_12300246,group12300,group12300/12300/12300246_test.jpg,group12300/12300/12300246_temp.jpg,group12300/12300_not/12300246.txt,open_circuit;mouse_bite;spurious_copper;pin_hole
test,group00041_00041061,group00041,group00041/00041/00041061_test.jpg,group00041/00041/00041061_temp.jpg,group00041/00041_not/00041061.txt,open_circuit;short_circuit;mouse_bite;spur;spurious_copper;pin_hole
test,group00041_00041178,group00041,group00041/00041/00041178_test.jpg,group00041/00041/00041178_temp.jpg,group00041/00041_not/00041178.txt,open_circuit;mouse_bite;spur;spurious_copper;pin_hole
test,group92000_92000005,group92000,group92000/92000/92000005_test.jpg,group92000/92000/92000005_temp.jpg,group92000/92000_not/92000005.txt,open_circuit;short_circuit;mouse_bite;spur
test,group12300_12300226,group12300,group12300/12300/12300226_test.jpg,group12300/12300/12300226_temp.jpg,group12300/12300_not/12300226.txt,open_circuit;short_circuit;mouse_bite;spur;spurious_copper;pin_hole
test,group13000_13000084,group13000,group13000/13000/13000084_test.jpg,group13000/13000/13000084_temp.jpg,group13000/13000_not/13000084.txt,open_circuit;mouse_bite;spur;spurious_copper;pin_hole
